-- phpMyAdmin SQL Dump
-- version 5.1.0
-- https://www.phpmyadmin.net/
--
-- Host: 127.0.0.1
-- Generation Time: Jul 27, 2021 at 07:15 AM
-- Server version: 10.4.18-MariaDB
-- PHP Version: 7.4.16

SET SQL_MODE = "NO_AUTO_VALUE_ON_ZERO";
START TRANSACTION;
SET time_zone = "+00:00";


/*!40101 SET @OLD_CHARACTER_SET_CLIENT=@@CHARACTER_SET_CLIENT */;
/*!40101 SET @OLD_CHARACTER_SET_RESULTS=@@CHARACTER_SET_RESULTS */;
/*!40101 SET @OLD_COLLATION_CONNECTION=@@COLLATION_CONNECTION */;
/*!40101 SET NAMES utf8mb4 */;

--
-- Database: `app_telehealth`
--

-- --------------------------------------------------------

--
-- Table structure for table `admin`
--

CREATE TABLE `admin` (
  `admin_user_id` int(10) UNSIGNED NOT NULL COMMENT 'user_id',
  `admin_user_name` varchar(255) DEFAULT NULL,
  `admin_user_pass` varchar(60) DEFAULT NULL
) ENGINE=InnoDB DEFAULT CHARSET=utf8;

--
-- Dumping data for table `admin`
--

INSERT INTO `admin` (`admin_user_id`, `admin_user_name`, `admin_user_pass`) VALUES
(1, 'admin', '21845b5e04c48548d4dcf7f282e756b4111825bb');

-- --------------------------------------------------------

--
-- Table structure for table `appointment`
--

CREATE TABLE `appointment` (
  `pk_appointment_id` int(11) NOT NULL,
  `fk_app_categoryid` int(11) DEFAULT NULL,
  `fk_service_id` int(11) NOT NULL,
  `doctor_id` int(11) DEFAULT NULL,
  `patient_id` int(11) DEFAULT NULL,
  `status_appointment` varchar(255) COLLATE utf8_unicode_ci DEFAULT NULL COMMENT '0 For pending 1 for Active / 2 For Cancelled',
  `appointment` timestamp NULL DEFAULT current_timestamp(),
  `appointment_gmdate` timestamp NULL DEFAULT NULL,
  `fkslotid` int(11) DEFAULT NULL
) ENGINE=MyISAM DEFAULT CHARSET=utf8 COLLATE=utf8_unicode_ci;

--
-- Dumping data for table `appointment`
--

INSERT INTO `appointment` (`pk_appointment_id`, `fk_app_categoryid`, `fk_service_id`, `doctor_id`, `patient_id`, `status_appointment`, `appointment`, `appointment_gmdate`, `fkslotid`) VALUES
(1, 7, 25, 21, 139, '2', '2021-07-15 22:45:00', '2021-07-15 17:45:00', 258),
(2, 12, 26, 21, 145, '1', '2021-07-08 09:23:00', '2021-07-08 04:23:00', 0),
(3, 16, 26, 21, 149, '2', '2021-07-21 23:30:00', '2021-07-21 18:30:00', 251);

-- --------------------------------------------------------

--
-- Table structure for table `app_category`
--

CREATE TABLE `app_category` (
  `pk_app_categoryid` int(255) NOT NULL,
  `doctor_id` int(255) NOT NULL,
  `name` varchar(255) NOT NULL,
  `app_cat_color` varchar(255) DEFAULT NULL
) ENGINE=MyISAM DEFAULT CHARSET=latin1;

--
-- Dumping data for table `app_category`
--

INSERT INTO `app_category` (`pk_app_categoryid`, `doctor_id`, `name`, `app_cat_color`) VALUES
(12, 21, 'Light Grey', '#F6EDFF_#736A6B_Light Purple'),
(7, 21, 'Sky Blue ', '#EFF9EE_#736A6B_Light Green'),
(8, 21, 'Medium Red ', '#FFEEDA_#736A6B_Light Orange'),
(11, 21, 'Medium pink', '#FFEDED _#736A6B_Light Red'),
(16, 21, 'Light Pink', '#FEFFDB_#736A6B_Light Yellow'),
(18, 21, 'Ocean Test', '#E8F2FE_#736A6B_Light Blue'),
(21, 21, 'Orange', '#FFA952_white_Orange'),
(22, 21, 'fsdf', '#FFEDED_#736A6B_Light Red'),
(23, 21, 'adfssaf', '#47AEF0_white_Blue'),
(28, 21, 'Yellow Test', NULL),
(29, 21, 'My Testing', NULL),
(30, 21, 'My Testing', '#FFEDED_#736A6B_Light Red'),
(31, 21, 'adfssaf', '#FFEDED_#736A6B_Light Red');

-- --------------------------------------------------------

--
-- Table structure for table `ci_sessions`
--

CREATE TABLE `ci_sessions` (
  `id` varchar(40) NOT NULL,
  `ip_address` varchar(45) NOT NULL,
  `timestamp` int(10) UNSIGNED NOT NULL DEFAULT 0,
  `data` blob NOT NULL
) ENGINE=MyISAM DEFAULT CHARSET=latin1;

--
-- Dumping data for table `ci_sessions`
--

INSERT INTO `ci_sessions` (`id`, `ip_address`, `timestamp`, `data`) VALUES
('atmhdr7aok267jplctvauml17ap7hqd2', '::1', 1626259794, 0x5f5f63695f6c6173745f726567656e65726174657c693a313632363235393535343b69647c733a323a223231223b74696d657a6f6e657c733a31323a22417369612f4b617261636869223b757365726e616d657c733a31303a2244722048617373616e20223b696d6167657c733a39313a2275706c6f6164732f646f63746f722f646f63746f725f33633539646330343865383835303234336265383037396135633734643037392f31613739363234333966646563656536636465306565656462613635616663632e6a7067223b6c6576656c7c693a323b6c6f67696e7c733a31333a226170705f6c6f676765645f696e223b),
('fd3vjv7rh9rfoqqbkcfn9fvijtr01hkg', '::1', 1626259554, 0x5f5f63695f6c6173745f726567656e65726174657c693a313632363235393535343b69647c733a323a223231223b74696d657a6f6e657c733a31323a22417369612f4b617261636869223b757365726e616d657c733a31303a2244722048617373616e20223b696d6167657c733a39313a2275706c6f6164732f646f63746f722f646f63746f725f33633539646330343865383835303234336265383037396135633734643037392f31613739363234333966646563656536636465306565656462613635616663632e6a7067223b6c6576656c7c693a323b6c6f67696e7c733a31333a226170705f6c6f676765645f696e223b),
('u9t15asoj7mkqfsagoi83igq99c0ll8r', '::1', 1626258983, 0x5f5f63695f6c6173745f726567656e65726174657c693a313632363235383938333b69647c733a323a223231223b74696d657a6f6e657c733a31323a22417369612f4b617261636869223b757365726e616d657c733a31303a2244722048617373616e20223b696d6167657c733a39313a2275706c6f6164732f646f63746f722f646f63746f725f33633539646330343865383835303234336265383037396135633734643037392f31613739363234333966646563656536636465306565656462613635616663632e6a7067223b6c6576656c7c693a323b6c6f67696e7c733a31333a226170705f6c6f676765645f696e223b),
('e29qhd9dp0l8tirt96chg7agl64joba5', '::1', 1626257892, 0x5f5f63695f6c6173745f726567656e65726174657c693a313632363235373839323b69647c733a323a223231223b74696d657a6f6e657c733a31323a22417369612f4b617261636869223b757365726e616d657c733a31303a2244722048617373616e20223b696d6167657c733a39313a2275706c6f6164732f646f63746f722f646f63746f725f33633539646330343865383835303234336265383037396135633734643037392f31613739363234333966646563656536636465306565656462613635616663632e6a7067223b6c6576656c7c693a323b6c6f67696e7c733a31333a226170705f6c6f676765645f696e223b),
('ms680pggr9e19dlhhg1nbnp81alutk28', '::1', 1626257582, 0x5f5f63695f6c6173745f726567656e65726174657c693a313632363235373538323b69647c733a323a223231223b74696d657a6f6e657c733a31323a22417369612f4b617261636869223b757365726e616d657c733a31303a2244722048617373616e20223b696d6167657c733a39313a2275706c6f6164732f646f63746f722f646f63746f725f33633539646330343865383835303234336265383037396135633734643037392f31613739363234333966646563656536636465306565656462613635616663632e6a7067223b6c6576656c7c693a323b6c6f67696e7c733a31333a226170705f6c6f676765645f696e223b),
('m2376oap936pbi9q5shmd4jljtjcr41n', '::1', 1625750615, 0x5f5f63695f6c6173745f726567656e65726174657c693a313632353735303631353b69647c733a323a223231223b74696d657a6f6e657c733a31323a22417369612f4b617261636869223b757365726e616d657c733a31303a2244722048617373616e20223b696d6167657c733a39313a2275706c6f6164732f646f63746f722f646f63746f725f33633539646330343865383835303234336265383037396135633734643037392f31613739363234333966646563656536636465306565656462613635616663632e6a7067223b6c6576656c7c693a323b6c6f67696e7c733a31333a226170705f6c6f676765645f696e223b),
('bna94vu1c3vbsu83d6r9952er33bnt9g', '::1', 1625750270, 0x5f5f63695f6c6173745f726567656e65726174657c693a313632353735303237303b69647c733a323a223231223b74696d657a6f6e657c733a31323a22417369612f4b617261636869223b757365726e616d657c733a31303a2244722048617373616e20223b696d6167657c733a39313a2275706c6f6164732f646f63746f722f646f63746f725f33633539646330343865383835303234336265383037396135633734643037392f31613739363234333966646563656536636465306565656462613635616663632e6a7067223b6c6576656c7c693a323b6c6f67696e7c733a31333a226170705f6c6f676765645f696e223b),
('gi5bckgn160hirvtms10fbu5oravbuve', '::1', 1625749969, 0x5f5f63695f6c6173745f726567656e65726174657c693a313632353734393936393b69647c733a323a223231223b74696d657a6f6e657c733a31323a22417369612f4b617261636869223b757365726e616d657c733a31303a2244722048617373616e20223b696d6167657c733a39313a2275706c6f6164732f646f63746f722f646f63746f725f33633539646330343865383835303234336265383037396135633734643037392f31613739363234333966646563656536636465306565656462613635616663632e6a7067223b6c6576656c7c693a323b6c6f67696e7c733a31333a226170705f6c6f676765645f696e223b),
('avc7f0p7jifvaqqnu583e99et7nn6f8f', '::1', 1625749242, 0x5f5f63695f6c6173745f726567656e65726174657c693a313632353734393234323b69647c733a323a223231223b74696d657a6f6e657c733a31323a22417369612f4b617261636869223b757365726e616d657c733a31303a2244722048617373616e20223b696d6167657c733a39313a2275706c6f6164732f646f63746f722f646f63746f725f33633539646330343865383835303234336265383037396135633734643037392f31613739363234333966646563656536636465306565656462613635616663632e6a7067223b6c6576656c7c693a323b6c6f67696e7c733a31333a226170705f6c6f676765645f696e223b),
('3rfq2i94nii09fkjq4gpp28vih89e6gh', '::1', 1625748880, 0x5f5f63695f6c6173745f726567656e65726174657c693a313632353734383838303b69647c733a323a223231223b74696d657a6f6e657c733a31323a22417369612f4b617261636869223b757365726e616d657c733a31303a2244722048617373616e20223b696d6167657c733a39313a2275706c6f6164732f646f63746f722f646f63746f725f33633539646330343865383835303234336265383037396135633734643037392f31613739363234333966646563656536636465306565656462613635616663632e6a7067223b6c6576656c7c693a323b6c6f67696e7c733a31333a226170705f6c6f676765645f696e223b),
('km878jb5spi1blmv5sg57r4ohvaospj0', '::1', 1625748005, 0x5f5f63695f6c6173745f726567656e65726174657c693a313632353734383030353b69647c733a323a223231223b74696d657a6f6e657c733a31323a22417369612f4b617261636869223b757365726e616d657c733a31303a2244722048617373616e20223b696d6167657c733a39313a2275706c6f6164732f646f63746f722f646f63746f725f33633539646330343865383835303234336265383037396135633734643037392f31613739363234333966646563656536636465306565656462613635616663632e6a7067223b6c6576656c7c693a323b6c6f67696e7c733a31333a226170705f6c6f676765645f696e223b),
('rekp0f0h7qua5ckjhbj2l326cdimeum9', '::1', 1625747481, 0x5f5f63695f6c6173745f726567656e65726174657c693a313632353734373438313b69647c733a323a223231223b74696d657a6f6e657c733a31323a22417369612f4b617261636869223b757365726e616d657c733a31303a2244722048617373616e20223b696d6167657c733a39313a2275706c6f6164732f646f63746f722f646f63746f725f33633539646330343865383835303234336265383037396135633734643037392f31613739363234333966646563656536636465306565656462613635616663632e6a7067223b6c6576656c7c693a323b6c6f67696e7c733a31333a226170705f6c6f676765645f696e223b),
('0t55s2ur0jbj1pb0a4j8l29l7eii4jmi', '::1', 1625747147, 0x5f5f63695f6c6173745f726567656e65726174657c693a313632353734373134373b69647c733a323a223231223b74696d657a6f6e657c733a31323a22417369612f4b617261636869223b757365726e616d657c733a31303a2244722048617373616e20223b696d6167657c733a39313a2275706c6f6164732f646f63746f722f646f63746f725f33633539646330343865383835303234336265383037396135633734643037392f31613739363234333966646563656536636465306565656462613635616663632e6a7067223b6c6576656c7c693a323b6c6f67696e7c733a31333a226170705f6c6f676765645f696e223b),
('ku772ireibhs2fgucroerjfevosjkle6', '::1', 1625745868, 0x5f5f63695f6c6173745f726567656e65726174657c693a313632353734353836383b69647c733a323a223231223b74696d657a6f6e657c733a31323a22417369612f4b617261636869223b757365726e616d657c733a31303a2244722048617373616e20223b696d6167657c733a39313a2275706c6f6164732f646f63746f722f646f63746f725f33633539646330343865383835303234336265383037396135633734643037392f31613739363234333966646563656536636465306565656462613635616663632e6a7067223b6c6576656c7c693a323b6c6f67696e7c733a31333a226170705f6c6f676765645f696e223b),
('rfund1f5qr08qlq2ro3m3mmjsh40m0jj', '::1', 1625745368, 0x5f5f63695f6c6173745f726567656e65726174657c693a313632353734353336383b69647c733a323a223231223b74696d657a6f6e657c733a31323a22417369612f4b617261636869223b757365726e616d657c733a31303a2244722048617373616e20223b696d6167657c733a39313a2275706c6f6164732f646f63746f722f646f63746f725f33633539646330343865383835303234336265383037396135633734643037392f31613739363234333966646563656536636465306565656462613635616663632e6a7067223b6c6576656c7c693a323b6c6f67696e7c733a31333a226170705f6c6f676765645f696e223b),
('379dtklo2c035guh6q3j10im9aqhnarn', '::1', 1625745044, 0x5f5f63695f6c6173745f726567656e65726174657c693a313632353734353034343b69647c733a323a223231223b74696d657a6f6e657c733a31323a22417369612f4b617261636869223b757365726e616d657c733a31303a2244722048617373616e20223b696d6167657c733a39313a2275706c6f6164732f646f63746f722f646f63746f725f33633539646330343865383835303234336265383037396135633734643037392f31613739363234333966646563656536636465306565656462613635616663632e6a7067223b6c6576656c7c693a323b6c6f67696e7c733a31333a226170705f6c6f676765645f696e223b),
('tg6bfgjocktq9q9l011m9u6ia3rt6f3d', '::1', 1625744169, 0x5f5f63695f6c6173745f726567656e65726174657c693a313632353734343136393b69647c733a323a223231223b74696d657a6f6e657c733a31323a22417369612f4b617261636869223b757365726e616d657c733a31303a2244722048617373616e20223b696d6167657c733a39313a2275706c6f6164732f646f63746f722f646f63746f725f33633539646330343865383835303234336265383037396135633734643037392f31613739363234333966646563656536636465306565656462613635616663632e6a7067223b6c6576656c7c693a323b6c6f67696e7c733a31333a226170705f6c6f676765645f696e223b),
('rlu6n1cf19atenvrr6nqjku4tm2ejpn6', '::1', 1625743836, 0x5f5f63695f6c6173745f726567656e65726174657c693a313632353734333833363b69647c733a323a223231223b74696d657a6f6e657c733a31323a22417369612f4b617261636869223b757365726e616d657c733a31303a2244722048617373616e20223b696d6167657c733a39313a2275706c6f6164732f646f63746f722f646f63746f725f33633539646330343865383835303234336265383037396135633734643037392f31613739363234333966646563656536636465306565656462613635616663632e6a7067223b6c6576656c7c693a323b6c6f67696e7c733a31333a226170705f6c6f676765645f696e223b),
('p59i2966he5o7e0floa7654tt7t19fcm', '::1', 1625743389, 0x5f5f63695f6c6173745f726567656e65726174657c693a313632353734333338393b69647c733a323a223231223b74696d657a6f6e657c733a31323a22417369612f4b617261636869223b757365726e616d657c733a31303a2244722048617373616e20223b696d6167657c733a39313a2275706c6f6164732f646f63746f722f646f63746f725f33633539646330343865383835303234336265383037396135633734643037392f31613739363234333966646563656536636465306565656462613635616663632e6a7067223b6c6576656c7c693a323b6c6f67696e7c733a31333a226170705f6c6f676765645f696e223b),
('elhg2b4t1bj7g1d8gaeluinptepqgqnt', '::1', 1626256722, 0x5f5f63695f6c6173745f726567656e65726174657c693a313632363235363732323b69647c733a323a223231223b74696d657a6f6e657c733a31323a22417369612f4b617261636869223b757365726e616d657c733a31303a2244722048617373616e20223b696d6167657c733a39313a2275706c6f6164732f646f63746f722f646f63746f725f33633539646330343865383835303234336265383037396135633734643037392f31613739363234333966646563656536636465306565656462613635616663632e6a7067223b6c6576656c7c693a323b6c6f67696e7c733a31333a226170705f6c6f676765645f696e223b),
('7g6cvsjka8183o0b7q156sn5515go206', '::1', 1626255888, 0x5f5f63695f6c6173745f726567656e65726174657c693a313632363235353838383b69647c733a323a223231223b74696d657a6f6e657c733a31323a22417369612f4b617261636869223b757365726e616d657c733a31303a2244722048617373616e20223b696d6167657c733a39313a2275706c6f6164732f646f63746f722f646f63746f725f33633539646330343865383835303234336265383037396135633734643037392f31613739363234333966646563656536636465306565656462613635616663632e6a7067223b6c6576656c7c693a323b6c6f67696e7c733a31333a226170705f6c6f676765645f696e223b),
('noh21qqmunu5ef23gmloj20250vhobe8', '::1', 1626255533, 0x5f5f63695f6c6173745f726567656e65726174657c693a313632363235353533333b69647c733a323a223231223b74696d657a6f6e657c733a31323a22417369612f4b617261636869223b757365726e616d657c733a31303a2244722048617373616e20223b696d6167657c733a39313a2275706c6f6164732f646f63746f722f646f63746f725f33633539646330343865383835303234336265383037396135633734643037392f31613739363234333966646563656536636465306565656462613635616663632e6a7067223b6c6576656c7c693a323b6c6f67696e7c733a31333a226170705f6c6f676765645f696e223b),
('mgsu2s90c0jvv40u37rsljbfijiv2a7g', '::1', 1626255232, 0x5f5f63695f6c6173745f726567656e65726174657c693a313632363235353233323b69647c733a323a223231223b74696d657a6f6e657c733a31323a22417369612f4b617261636869223b757365726e616d657c733a31303a2244722048617373616e20223b696d6167657c733a39313a2275706c6f6164732f646f63746f722f646f63746f725f33633539646330343865383835303234336265383037396135633734643037392f31613739363234333966646563656536636465306565656462613635616663632e6a7067223b6c6576656c7c693a323b6c6f67696e7c733a31333a226170705f6c6f676765645f696e223b),
('1od94u3911sson0ek1ag8ob8fk72l1km', '::1', 1626254745, 0x5f5f63695f6c6173745f726567656e65726174657c693a313632363235343734353b69647c733a323a223231223b74696d657a6f6e657c733a31323a22417369612f4b617261636869223b757365726e616d657c733a31303a2244722048617373616e20223b696d6167657c733a39313a2275706c6f6164732f646f63746f722f646f63746f725f33633539646330343865383835303234336265383037396135633734643037392f31613739363234333966646563656536636465306565656462613635616663632e6a7067223b6c6576656c7c693a323b6c6f67696e7c733a31333a226170705f6c6f676765645f696e223b),
('h89kaqe7lkodfjj9uvrs3tm5gomkv8k3', '::1', 1626175426, 0x5f5f63695f6c6173745f726567656e65726174657c693a313632363137353432363b69647c733a323a223231223b74696d657a6f6e657c733a31323a22417369612f4b617261636869223b757365726e616d657c733a31303a2244722048617373616e20223b696d6167657c733a39313a2275706c6f6164732f646f63746f722f646f63746f725f33633539646330343865383835303234336265383037396135633734643037392f31613739363234333966646563656536636465306565656462613635616663632e6a7067223b6c6576656c7c693a323b6c6f67696e7c733a31333a226170705f6c6f676765645f696e223b),
('cl78n4bmv2le2j3a8qf1c6g422n2ej66', '::1', 1626175426, 0x5f5f63695f6c6173745f726567656e65726174657c693a313632363137353432363b69647c733a323a223231223b74696d657a6f6e657c733a31323a22417369612f4b617261636869223b757365726e616d657c733a31303a2244722048617373616e20223b696d6167657c733a39313a2275706c6f6164732f646f63746f722f646f63746f725f33633539646330343865383835303234336265383037396135633734643037392f31613739363234333966646563656536636465306565656462613635616663632e6a7067223b6c6576656c7c693a323b6c6f67696e7c733a31333a226170705f6c6f676765645f696e223b),
('nmj3of4slrfo58avkpfrdfbe1t6pqma6', '::1', 1626169248, 0x5f5f63695f6c6173745f726567656e65726174657c693a313632363136393234383b69647c733a323a223231223b74696d657a6f6e657c733a31323a22417369612f4b617261636869223b757365726e616d657c733a31303a2244722048617373616e20223b696d6167657c733a39313a2275706c6f6164732f646f63746f722f646f63746f725f33633539646330343865383835303234336265383037396135633734643037392f31613739363234333966646563656536636465306565656462613635616663632e6a7067223b6c6576656c7c693a323b6c6f67696e7c733a31333a226170705f6c6f676765645f696e223b),
('fki6rh88rm0op4p56dpsd6c0sn4varmm', '::1', 1626168921, 0x5f5f63695f6c6173745f726567656e65726174657c693a313632363136383932313b69647c733a323a223231223b74696d657a6f6e657c733a31323a22417369612f4b617261636869223b757365726e616d657c733a31303a2244722048617373616e20223b696d6167657c733a39313a2275706c6f6164732f646f63746f722f646f63746f725f33633539646330343865383835303234336265383037396135633734643037392f31613739363234333966646563656536636465306565656462613635616663632e6a7067223b6c6576656c7c693a323b6c6f67696e7c733a31333a226170705f6c6f676765645f696e223b),
('4qg1td3hvv3jcdkh9f4uscd34ovr9b1e', '::1', 1626168587, 0x5f5f63695f6c6173745f726567656e65726174657c693a313632363136383538373b69647c733a323a223231223b74696d657a6f6e657c733a31323a22417369612f4b617261636869223b757365726e616d657c733a31303a2244722048617373616e20223b696d6167657c733a39313a2275706c6f6164732f646f63746f722f646f63746f725f33633539646330343865383835303234336265383037396135633734643037392f31613739363234333966646563656536636465306565656462613635616663632e6a7067223b6c6576656c7c693a323b6c6f67696e7c733a31333a226170705f6c6f676765645f696e223b),
('nk9hjjvtd1kt29iktjehakq665r5bn0v', '::1', 1626167478, 0x5f5f63695f6c6173745f726567656e65726174657c693a313632363136373437383b69647c733a323a223231223b74696d657a6f6e657c733a31323a22417369612f4b617261636869223b757365726e616d657c733a31303a2244722048617373616e20223b696d6167657c733a39313a2275706c6f6164732f646f63746f722f646f63746f725f33633539646330343865383835303234336265383037396135633734643037392f31613739363234333966646563656536636465306565656462613635616663632e6a7067223b6c6576656c7c693a323b6c6f67696e7c733a31333a226170705f6c6f676765645f696e223b),
('mai17p5rvp42392rcv8ucvdjeltotu91', '::1', 1626167050, 0x5f5f63695f6c6173745f726567656e65726174657c693a313632363136373035303b69647c733a323a223231223b74696d657a6f6e657c733a31323a22417369612f4b617261636869223b757365726e616d657c733a31303a2244722048617373616e20223b696d6167657c733a39313a2275706c6f6164732f646f63746f722f646f63746f725f33633539646330343865383835303234336265383037396135633734643037392f31613739363234333966646563656536636465306565656462613635616663632e6a7067223b6c6576656c7c693a323b6c6f67696e7c733a31333a226170705f6c6f676765645f696e223b),
('ssverp466n014koosth8aog0up76ob9j', '::1', 1626166749, 0x5f5f63695f6c6173745f726567656e65726174657c693a313632363136363734393b69647c733a323a223231223b74696d657a6f6e657c733a31323a22417369612f4b617261636869223b757365726e616d657c733a31303a2244722048617373616e20223b696d6167657c733a39313a2275706c6f6164732f646f63746f722f646f63746f725f33633539646330343865383835303234336265383037396135633734643037392f31613739363234333966646563656536636465306565656462613635616663632e6a7067223b6c6576656c7c693a323b6c6f67696e7c733a31333a226170705f6c6f676765645f696e223b5f5f63695f766172737c613a313a7b733a373a2273756363657373223b733a333a226f6c64223b7d),
('9ib8vnppkfgat70ktbm7m8ju460b0a1q', '::1', 1626166390, 0x5f5f63695f6c6173745f726567656e65726174657c693a313632363136363339303b69647c733a323a223231223b74696d657a6f6e657c733a31323a22417369612f4b617261636869223b757365726e616d657c733a31303a2244722048617373616e20223b696d6167657c733a39313a2275706c6f6164732f646f63746f722f646f63746f725f33633539646330343865383835303234336265383037396135633734643037392f31613739363234333966646563656536636465306565656462613635616663632e6a7067223b6c6576656c7c693a323b6c6f67696e7c733a31333a226170705f6c6f676765645f696e223b),
('bbq4u6rou26r99946fiab6mun027rqm0', '::1', 1626164328, 0x5f5f63695f6c6173745f726567656e65726174657c693a313632363136343332383b69647c733a323a223231223b74696d657a6f6e657c733a31323a22417369612f4b617261636869223b757365726e616d657c733a31303a2244722048617373616e20223b696d6167657c733a39313a2275706c6f6164732f646f63746f722f646f63746f725f33633539646330343865383835303234336265383037396135633734643037392f31613739363234333966646563656536636465306565656462613635616663632e6a7067223b6c6576656c7c693a323b6c6f67696e7c733a31333a226170705f6c6f676765645f696e223b),
('a8i24hia9t8gugv6t2saih7qrbea3740', '::1', 1626166022, 0x5f5f63695f6c6173745f726567656e65726174657c693a313632363136363032323b69647c733a323a223231223b74696d657a6f6e657c733a31323a22417369612f4b617261636869223b757365726e616d657c733a31303a2244722048617373616e20223b696d6167657c733a39313a2275706c6f6164732f646f63746f722f646f63746f725f33633539646330343865383835303234336265383037396135633734643037392f31613739363234333966646563656536636465306565656462613635616663632e6a7067223b6c6576656c7c693a323b6c6f67696e7c733a31333a226170705f6c6f676765645f696e223b),
('7vrtj3vjqi6he58536je2fv5l27qob61', '::1', 1626163720, 0x5f5f63695f6c6173745f726567656e65726174657c693a313632363136333732303b69647c733a323a223231223b74696d657a6f6e657c733a31323a22417369612f4b617261636869223b757365726e616d657c733a31303a2244722048617373616e20223b696d6167657c733a39313a2275706c6f6164732f646f63746f722f646f63746f725f33633539646330343865383835303234336265383037396135633734643037392f31613739363234333966646563656536636465306565656462613635616663632e6a7067223b6c6576656c7c693a323b6c6f67696e7c733a31333a226170705f6c6f676765645f696e223b),
('loeialhdsp90vll25ag72andd3sd99qu', '::1', 1626163371, 0x5f5f63695f6c6173745f726567656e65726174657c693a313632363136333337313b69647c733a323a223231223b74696d657a6f6e657c733a31323a22417369612f4b617261636869223b757365726e616d657c733a31303a2244722048617373616e20223b696d6167657c733a39313a2275706c6f6164732f646f63746f722f646f63746f725f33633539646330343865383835303234336265383037396135633734643037392f31613739363234333966646563656536636465306565656462613635616663632e6a7067223b6c6576656c7c693a323b6c6f67696e7c733a31333a226170705f6c6f676765645f696e223b),
('12qqd6gb0caicn7aj50i9ah9e1t8o95v', '::1', 1626162086, 0x5f5f63695f6c6173745f726567656e65726174657c693a313632363136323038363b69647c733a323a223231223b74696d657a6f6e657c733a31323a22417369612f4b617261636869223b757365726e616d657c733a31303a2244722048617373616e20223b696d6167657c733a39313a2275706c6f6164732f646f63746f722f646f63746f725f33633539646330343865383835303234336265383037396135633734643037392f31613739363234333966646563656536636465306565656462613635616663632e6a7067223b6c6576656c7c693a323b6c6f67696e7c733a31333a226170705f6c6f676765645f696e223b),
('6pb81nnrhh2kvjvka11baqejo95mdp4a', '::1', 1626160193, 0x5f5f63695f6c6173745f726567656e65726174657c693a313632363136303139333b69647c733a323a223231223b74696d657a6f6e657c733a31323a22417369612f4b617261636869223b757365726e616d657c733a31303a2244722048617373616e20223b696d6167657c733a39313a2275706c6f6164732f646f63746f722f646f63746f725f33633539646330343865383835303234336265383037396135633734643037392f31613739363234333966646563656536636465306565656462613635616663632e6a7067223b6c6576656c7c693a323b6c6f67696e7c733a31333a226170705f6c6f676765645f696e223b),
('esvsrge018thifjlgbdib7ajrifbjum4', '::1', 1626159887, 0x5f5f63695f6c6173745f726567656e65726174657c693a313632363135393838373b69647c733a323a223231223b74696d657a6f6e657c733a31323a22417369612f4b617261636869223b757365726e616d657c733a31303a2244722048617373616e20223b696d6167657c733a39313a2275706c6f6164732f646f63746f722f646f63746f725f33633539646330343865383835303234336265383037396135633734643037392f31613739363234333966646563656536636465306565656462613635616663632e6a7067223b6c6576656c7c693a323b6c6f67696e7c733a31333a226170705f6c6f676765645f696e223b),
('dto077i1jgvdpdd74928dj1gcncjusti', '::1', 1626159563, 0x5f5f63695f6c6173745f726567656e65726174657c693a313632363135393536333b69647c733a323a223231223b74696d657a6f6e657c733a31323a22417369612f4b617261636869223b757365726e616d657c733a31303a2244722048617373616e20223b696d6167657c733a39313a2275706c6f6164732f646f63746f722f646f63746f725f33633539646330343865383835303234336265383037396135633734643037392f31613739363234333966646563656536636465306565656462613635616663632e6a7067223b6c6576656c7c693a323b6c6f67696e7c733a31333a226170705f6c6f676765645f696e223b),
('cq85kv2ald417h175btembpit1if777r', '::1', 1626158797, 0x5f5f63695f6c6173745f726567656e65726174657c693a313632363135383739373b69647c733a323a223231223b74696d657a6f6e657c733a31323a22417369612f4b617261636869223b757365726e616d657c733a31303a2244722048617373616e20223b696d6167657c733a39313a2275706c6f6164732f646f63746f722f646f63746f725f33633539646330343865383835303234336265383037396135633734643037392f31613739363234333966646563656536636465306565656462613635616663632e6a7067223b6c6576656c7c693a323b6c6f67696e7c733a31333a226170705f6c6f676765645f696e223b),
('mrs9am5j24oaesm3mgq8080l4p86a4ju', '::1', 1626159134, 0x5f5f63695f6c6173745f726567656e65726174657c693a313632363135393133343b69647c733a323a223231223b74696d657a6f6e657c733a31323a22417369612f4b617261636869223b757365726e616d657c733a31303a2244722048617373616e20223b696d6167657c733a39313a2275706c6f6164732f646f63746f722f646f63746f725f33633539646330343865383835303234336265383037396135633734643037392f31613739363234333966646563656536636465306565656462613635616663632e6a7067223b6c6576656c7c693a323b6c6f67696e7c733a31333a226170705f6c6f676765645f696e223b),
('pvh2df9o7tr3frrs4i8l0mfn7n7oetmv', '::1', 1626157951, 0x5f5f63695f6c6173745f726567656e65726174657c693a313632363135373935313b69647c733a323a223231223b74696d657a6f6e657c733a31323a22417369612f4b617261636869223b757365726e616d657c733a31303a2244722048617373616e20223b696d6167657c733a39313a2275706c6f6164732f646f63746f722f646f63746f725f33633539646330343865383835303234336265383037396135633734643037392f31613739363234333966646563656536636465306565656462613635616663632e6a7067223b6c6576656c7c693a323b6c6f67696e7c733a31333a226170705f6c6f676765645f696e223b),
('ak405fl0083pp576m0cn3gmvlkond312', '::1', 1626157611, 0x5f5f63695f6c6173745f726567656e65726174657c693a313632363135373631313b69647c733a323a223231223b74696d657a6f6e657c733a31323a22417369612f4b617261636869223b757365726e616d657c733a31303a2244722048617373616e20223b696d6167657c733a39313a2275706c6f6164732f646f63746f722f646f63746f725f33633539646330343865383835303234336265383037396135633734643037392f31613739363234333966646563656536636465306565656462613635616663632e6a7067223b6c6576656c7c693a323b6c6f67696e7c733a31333a226170705f6c6f676765645f696e223b),
('dtjbvuoe6bntderc5o1ltui2b0p6v9f3', '::1', 1626157300, 0x5f5f63695f6c6173745f726567656e65726174657c693a313632363135373330303b69647c733a323a223231223b74696d657a6f6e657c733a31323a22417369612f4b617261636869223b757365726e616d657c733a31303a2244722048617373616e20223b696d6167657c733a39313a2275706c6f6164732f646f63746f722f646f63746f725f33633539646330343865383835303234336265383037396135633734643037392f31613739363234333966646563656536636465306565656462613635616663632e6a7067223b6c6576656c7c693a323b6c6f67696e7c733a31333a226170705f6c6f676765645f696e223b),
('nks01nprl8g4ajfgb37228kfqele6vq0', '::1', 1626156852, 0x5f5f63695f6c6173745f726567656e65726174657c693a313632363135363835323b69647c733a323a223231223b74696d657a6f6e657c733a31323a22417369612f4b617261636869223b757365726e616d657c733a31303a2244722048617373616e20223b696d6167657c733a39313a2275706c6f6164732f646f63746f722f646f63746f725f33633539646330343865383835303234336265383037396135633734643037392f31613739363234333966646563656536636465306565656462613635616663632e6a7067223b6c6576656c7c693a323b6c6f67696e7c733a31333a226170705f6c6f676765645f696e223b),
('a58r4s6arliljbo4efae8tesm7ogaggm', '::1', 1626156515, 0x5f5f63695f6c6173745f726567656e65726174657c693a313632363135363531353b69647c733a323a223231223b74696d657a6f6e657c733a31323a22417369612f4b617261636869223b757365726e616d657c733a31303a2244722048617373616e20223b696d6167657c733a39313a2275706c6f6164732f646f63746f722f646f63746f725f33633539646330343865383835303234336265383037396135633734643037392f31613739363234333966646563656536636465306565656462613635616663632e6a7067223b6c6576656c7c693a323b6c6f67696e7c733a31333a226170705f6c6f676765645f696e223b),
('4ftm13gcjivd13q56393fn59tq7iosog', '::1', 1626156197, 0x5f5f63695f6c6173745f726567656e65726174657c693a313632363135363139373b69647c733a323a223231223b74696d657a6f6e657c733a31323a22417369612f4b617261636869223b757365726e616d657c733a31303a2244722048617373616e20223b696d6167657c733a39313a2275706c6f6164732f646f63746f722f646f63746f725f33633539646330343865383835303234336265383037396135633734643037392f31613739363234333966646563656536636465306565656462613635616663632e6a7067223b6c6576656c7c693a323b6c6f67696e7c733a31333a226170705f6c6f676765645f696e223b),
('nuosrqvqtq1klik1e9vej69onm9rog5m', '::1', 1626155410, 0x5f5f63695f6c6173745f726567656e65726174657c693a313632363135353431303b69647c733a323a223231223b74696d657a6f6e657c733a31323a22417369612f4b617261636869223b757365726e616d657c733a31303a2244722048617373616e20223b696d6167657c733a39313a2275706c6f6164732f646f63746f722f646f63746f725f33633539646330343865383835303234336265383037396135633734643037392f31613739363234333966646563656536636465306565656462613635616663632e6a7067223b6c6576656c7c693a323b6c6f67696e7c733a31333a226170705f6c6f676765645f696e223b),
('6scc46qmbsgpoqftglsjjuaue21coauf', '::1', 1626155054, 0x5f5f63695f6c6173745f726567656e65726174657c693a313632363135353035343b69647c733a323a223231223b74696d657a6f6e657c733a31323a22417369612f4b617261636869223b757365726e616d657c733a31303a2244722048617373616e20223b696d6167657c733a39313a2275706c6f6164732f646f63746f722f646f63746f725f33633539646330343865383835303234336265383037396135633734643037392f31613739363234333966646563656536636465306565656462613635616663632e6a7067223b6c6576656c7c693a323b6c6f67696e7c733a31333a226170705f6c6f676765645f696e223b),
('la711q2q1nm50hph70plko24mg9umdrd', '::1', 1626152916, 0x5f5f63695f6c6173745f726567656e65726174657c693a313632363135323931363b),
('uak0cc67v2n7laaa4bokq5jmepgrht89', '::1', 1626154587, 0x5f5f63695f6c6173745f726567656e65726174657c693a313632363135343538373b69647c733a323a223231223b74696d657a6f6e657c733a31323a22417369612f4b617261636869223b757365726e616d657c733a31303a2244722048617373616e20223b696d6167657c733a39313a2275706c6f6164732f646f63746f722f646f63746f725f33633539646330343865383835303234336265383037396135633734643037392f31613739363234333966646563656536636465306565656462613635616663632e6a7067223b6c6576656c7c693a323b6c6f67696e7c733a31333a226170705f6c6f676765645f696e223b),
('pj8mpdj67a36jd2i5l9kvbcs7eelcrl3', '::1', 1626069767, 0x5f5f63695f6c6173745f726567656e65726174657c693a313632363036393438313b69647c733a323a223231223b74696d657a6f6e657c733a31323a22417369612f4b617261636869223b757365726e616d657c733a31303a2244722048617373616e20223b696d6167657c733a39313a2275706c6f6164732f646f63746f722f646f63746f725f33633539646330343865383835303234336265383037396135633734643037392f31613739363234333966646563656536636465306565656462613635616663632e6a7067223b6c6576656c7c693a323b6c6f67696e7c733a31333a226170705f6c6f676765645f696e223b),
('9qb0od3en8q65p87uaphbnum9fh8ci9t', '::1', 1626069481, 0x5f5f63695f6c6173745f726567656e65726174657c693a313632363036393438313b69647c733a323a223231223b74696d657a6f6e657c733a31323a22417369612f4b617261636869223b757365726e616d657c733a31303a2244722048617373616e20223b696d6167657c733a39313a2275706c6f6164732f646f63746f722f646f63746f725f33633539646330343865383835303234336265383037396135633734643037392f31613739363234333966646563656536636465306565656462613635616663632e6a7067223b6c6576656c7c693a323b6c6f67696e7c733a31333a226170705f6c6f676765645f696e223b),
('0ss1ngb8dt7v5jihph8vbpr7lpfn8ki2', '::1', 1626069135, 0x5f5f63695f6c6173745f726567656e65726174657c693a313632363036393133353b69647c733a323a223231223b74696d657a6f6e657c733a31323a22417369612f4b617261636869223b757365726e616d657c733a31303a2244722048617373616e20223b696d6167657c733a39313a2275706c6f6164732f646f63746f722f646f63746f725f33633539646330343865383835303234336265383037396135633734643037392f31613739363234333966646563656536636465306565656462613635616663632e6a7067223b6c6576656c7c693a323b6c6f67696e7c733a31333a226170705f6c6f676765645f696e223b),
('s6hvlvsmsquqcdhuabk7dm47g5opkb2i', '::1', 1626068706, 0x5f5f63695f6c6173745f726567656e65726174657c693a313632363036383730363b69647c733a323a223231223b74696d657a6f6e657c733a31323a22417369612f4b617261636869223b757365726e616d657c733a31303a2244722048617373616e20223b696d6167657c733a39313a2275706c6f6164732f646f63746f722f646f63746f725f33633539646330343865383835303234336265383037396135633734643037392f31613739363234333966646563656536636465306565656462613635616663632e6a7067223b6c6576656c7c693a323b6c6f67696e7c733a31333a226170705f6c6f676765645f696e223b),
('oef1hs58996bv2sh1tfugn98g81v24fo', '::1', 1626068217, 0x5f5f63695f6c6173745f726567656e65726174657c693a313632363036383231373b69647c733a323a223231223b74696d657a6f6e657c733a31323a22417369612f4b617261636869223b757365726e616d657c733a31303a2244722048617373616e20223b696d6167657c733a39313a2275706c6f6164732f646f63746f722f646f63746f725f33633539646330343865383835303234336265383037396135633734643037392f31613739363234333966646563656536636465306565656462613635616663632e6a7067223b6c6576656c7c693a323b6c6f67696e7c733a31333a226170705f6c6f676765645f696e223b),
('k7sihru9qfbj8vstgh7vuc8sit7coql0', '::1', 1626067863, 0x5f5f63695f6c6173745f726567656e65726174657c693a313632363036373836333b69647c733a323a223231223b74696d657a6f6e657c733a31323a22417369612f4b617261636869223b757365726e616d657c733a31303a2244722048617373616e20223b696d6167657c733a39313a2275706c6f6164732f646f63746f722f646f63746f725f33633539646330343865383835303234336265383037396135633734643037392f31613739363234333966646563656536636465306565656462613635616663632e6a7067223b6c6576656c7c693a323b6c6f67696e7c733a31333a226170705f6c6f676765645f696e223b),
('kusn75gh0vocaaic29cshsi3qh70qqce', '::1', 1626066541, 0x5f5f63695f6c6173745f726567656e65726174657c693a313632363036363534313b),
('011fhsbh4ncgcbh1ng9677hvgqi66uq9', '::1', 1626066904, 0x5f5f63695f6c6173745f726567656e65726174657c693a313632363036363930343b69647c733a323a223231223b74696d657a6f6e657c733a31323a22417369612f4b617261636869223b757365726e616d657c733a31303a2244722048617373616e20223b696d6167657c733a39313a2275706c6f6164732f646f63746f722f646f63746f725f33633539646330343865383835303234336265383037396135633734643037392f31613739363234333966646563656536636465306565656462613635616663632e6a7067223b6c6576656c7c693a323b6c6f67696e7c733a31333a226170705f6c6f676765645f696e223b),
('ioltslbolik47fes4nnt9958nv9phk95', '::1', 1625839819, 0x5f5f63695f6c6173745f726567656e65726174657c693a313632353833393738313b69647c733a323a223231223b74696d657a6f6e657c733a31323a22417369612f4b617261636869223b757365726e616d657c733a31303a2244722048617373616e20223b696d6167657c733a39313a2275706c6f6164732f646f63746f722f646f63746f725f33633539646330343865383835303234336265383037396135633734643037392f31613739363234333966646563656536636465306565656462613635616663632e6a7067223b6c6576656c7c693a323b6c6f67696e7c733a31333a226170705f6c6f676765645f696e223b),
('ciaersqtmuv4bj0ot9pnqdlfckpaigme', '::1', 1625839781, 0x5f5f63695f6c6173745f726567656e65726174657c693a313632353833393738313b69647c733a323a223231223b74696d657a6f6e657c733a31323a22417369612f4b617261636869223b757365726e616d657c733a31303a2244722048617373616e20223b696d6167657c733a39313a2275706c6f6164732f646f63746f722f646f63746f725f33633539646330343865383835303234336265383037396135633734643037392f31613739363234333966646563656536636465306565656462613635616663632e6a7067223b6c6576656c7c693a323b6c6f67696e7c733a31333a226170705f6c6f676765645f696e223b),
('5hsfhvtfpudt9jmih70p244rpirr0j16', '::1', 1625818228, 0x5f5f63695f6c6173745f726567656e65726174657c693a313632353831383036383b69647c733a323a223231223b74696d657a6f6e657c733a31323a22417369612f4b617261636869223b757365726e616d657c733a31303a2244722048617373616e20223b696d6167657c733a39313a2275706c6f6164732f646f63746f722f646f63746f725f33633539646330343865383835303234336265383037396135633734643037392f31613739363234333966646563656536636465306565656462613635616663632e6a7067223b6c6576656c7c693a323b6c6f67696e7c733a31333a226170705f6c6f676765645f696e223b),
('bm7psmje8efjlibi5pajgmad8ujv75o0', '::1', 1625818068, 0x5f5f63695f6c6173745f726567656e65726174657c693a313632353831383036383b69647c733a323a223231223b74696d657a6f6e657c733a31323a22417369612f4b617261636869223b757365726e616d657c733a31303a2244722048617373616e20223b696d6167657c733a39313a2275706c6f6164732f646f63746f722f646f63746f725f33633539646330343865383835303234336265383037396135633734643037392f31613739363234333966646563656536636465306565656462613635616663632e6a7067223b6c6576656c7c693a323b6c6f67696e7c733a31333a226170705f6c6f676765645f696e223b),
('g507m0t395hhtr3qdl21vfjei78vgu6v', '::1', 1625817583, 0x5f5f63695f6c6173745f726567656e65726174657c693a313632353831373538333b69647c733a323a223231223b74696d657a6f6e657c733a31323a22417369612f4b617261636869223b757365726e616d657c733a31303a2244722048617373616e20223b696d6167657c733a39313a2275706c6f6164732f646f63746f722f646f63746f725f33633539646330343865383835303234336265383037396135633734643037392f31613739363234333966646563656536636465306565656462613635616663632e6a7067223b6c6576656c7c693a323b6c6f67696e7c733a31333a226170705f6c6f676765645f696e223b),
('gjf5er414d86nbhkmhc3scnpd3q0ng20', '::1', 1625817280, 0x5f5f63695f6c6173745f726567656e65726174657c693a313632353831373238303b69647c733a323a223231223b74696d657a6f6e657c733a31323a22417369612f4b617261636869223b757365726e616d657c733a31303a2244722048617373616e20223b696d6167657c733a39313a2275706c6f6164732f646f63746f722f646f63746f725f33633539646330343865383835303234336265383037396135633734643037392f31613739363234333966646563656536636465306565656462613635616663632e6a7067223b6c6576656c7c693a323b6c6f67696e7c733a31333a226170705f6c6f676765645f696e223b),
('ldbnll88eqtb22e689bn90gs4or6udg7', '::1', 1625816589, 0x5f5f63695f6c6173745f726567656e65726174657c693a313632353831363538393b69647c733a323a223231223b74696d657a6f6e657c733a31323a22417369612f4b617261636869223b757365726e616d657c733a31303a2244722048617373616e20223b696d6167657c733a39313a2275706c6f6164732f646f63746f722f646f63746f725f33633539646330343865383835303234336265383037396135633734643037392f31613739363234333966646563656536636465306565656462613635616663632e6a7067223b6c6576656c7c693a323b6c6f67696e7c733a31333a226170705f6c6f676765645f696e223b),
('fqnon27au4l06976k98s6mfcaagfmkug', '::1', 1625816238, 0x5f5f63695f6c6173745f726567656e65726174657c693a313632353831363233383b69647c733a323a223231223b74696d657a6f6e657c733a31323a22417369612f4b617261636869223b757365726e616d657c733a31303a2244722048617373616e20223b696d6167657c733a39313a2275706c6f6164732f646f63746f722f646f63746f725f33633539646330343865383835303234336265383037396135633734643037392f31613739363234333966646563656536636465306565656462613635616663632e6a7067223b6c6576656c7c693a323b6c6f67696e7c733a31333a226170705f6c6f676765645f696e223b),
('3dv3pagb9q51gfoc0d5k970abvth54qt', '::1', 1625815866, 0x5f5f63695f6c6173745f726567656e65726174657c693a313632353831353836363b69647c733a323a223231223b74696d657a6f6e657c733a31323a22417369612f4b617261636869223b757365726e616d657c733a31303a2244722048617373616e20223b696d6167657c733a39313a2275706c6f6164732f646f63746f722f646f63746f725f33633539646330343865383835303234336265383037396135633734643037392f31613739363234333966646563656536636465306565656462613635616663632e6a7067223b6c6576656c7c693a323b6c6f67696e7c733a31333a226170705f6c6f676765645f696e223b),
('9d9nssjf87j7jl9qqece4th6m8cdf1kn', '::1', 1625815120, 0x5f5f63695f6c6173745f726567656e65726174657c693a313632353831353132303b69647c733a323a223231223b74696d657a6f6e657c733a31323a22417369612f4b617261636869223b757365726e616d657c733a31303a2244722048617373616e20223b696d6167657c733a39313a2275706c6f6164732f646f63746f722f646f63746f725f33633539646330343865383835303234336265383037396135633734643037392f31613739363234333966646563656536636465306565656462613635616663632e6a7067223b6c6576656c7c693a323b6c6f67696e7c733a31333a226170705f6c6f676765645f696e223b),
('dse13oefafvbs30767mvjds5bpb1qhcq', '::1', 1625814774, 0x5f5f63695f6c6173745f726567656e65726174657c693a313632353831343737343b69647c733a323a223231223b74696d657a6f6e657c733a31323a22417369612f4b617261636869223b757365726e616d657c733a31303a2244722048617373616e20223b696d6167657c733a39313a2275706c6f6164732f646f63746f722f646f63746f725f33633539646330343865383835303234336265383037396135633734643037392f31613739363234333966646563656536636465306565656462613635616663632e6a7067223b6c6576656c7c693a323b6c6f67696e7c733a31333a226170705f6c6f676765645f696e223b),
('6fa66netd29eauqopj49udaal5ugju9b', '::1', 1625813948, 0x5f5f63695f6c6173745f726567656e65726174657c693a313632353831333934383b69647c733a323a223231223b74696d657a6f6e657c733a31323a22417369612f4b617261636869223b757365726e616d657c733a31303a2244722048617373616e20223b696d6167657c733a39313a2275706c6f6164732f646f63746f722f646f63746f725f33633539646330343865383835303234336265383037396135633734643037392f31613739363234333966646563656536636465306565656462613635616663632e6a7067223b6c6576656c7c693a323b6c6f67696e7c733a31333a226170705f6c6f676765645f696e223b),
('2vje4fh3k5hbkf0cb17plfif0snqepmo', '::1', 1625811547, 0x5f5f63695f6c6173745f726567656e65726174657c693a313632353831313534373b69647c733a323a223231223b74696d657a6f6e657c733a31323a22417369612f4b617261636869223b757365726e616d657c733a31303a2244722048617373616e20223b696d6167657c733a39313a2275706c6f6164732f646f63746f722f646f63746f725f33633539646330343865383835303234336265383037396135633734643037392f31613739363234333966646563656536636465306565656462613635616663632e6a7067223b6c6576656c7c693a323b6c6f67696e7c733a31333a226170705f6c6f676765645f696e223b),
('96cu1eqajhhjk7n669eekkm0o2bh2hvt', '::1', 1625810636, 0x5f5f63695f6c6173745f726567656e65726174657c693a313632353831303633363b69647c733a323a223231223b74696d657a6f6e657c733a31323a22417369612f4b617261636869223b757365726e616d657c733a31303a2244722048617373616e20223b696d6167657c733a39313a2275706c6f6164732f646f63746f722f646f63746f725f33633539646330343865383835303234336265383037396135633734643037392f31613739363234333966646563656536636465306565656462613635616663632e6a7067223b6c6576656c7c693a323b6c6f67696e7c733a31333a226170705f6c6f676765645f696e223b),
('3tf7anickplhh3h4ih28nqbq2uom72ck', '::1', 1625810335, 0x5f5f63695f6c6173745f726567656e65726174657c693a313632353831303333353b69647c733a323a223231223b74696d657a6f6e657c733a31323a22417369612f4b617261636869223b757365726e616d657c733a31303a2244722048617373616e20223b696d6167657c733a39313a2275706c6f6164732f646f63746f722f646f63746f725f33633539646330343865383835303234336265383037396135633734643037392f31613739363234333966646563656536636465306565656462613635616663632e6a7067223b6c6576656c7c693a323b6c6f67696e7c733a31333a226170705f6c6f676765645f696e223b),
('q4869b49im6dv0f929i5jsh8abejogft', '::1', 1625750622, 0x5f5f63695f6c6173745f726567656e65726174657c693a313632353735303631353b69647c733a323a223231223b74696d657a6f6e657c733a31323a22417369612f4b617261636869223b757365726e616d657c733a31303a2244722048617373616e20223b696d6167657c733a39313a2275706c6f6164732f646f63746f722f646f63746f725f33633539646330343865383835303234336265383037396135633734643037392f31613739363234333966646563656536636465306565656462613635616663632e6a7067223b6c6576656c7c693a323b6c6f67696e7c733a31333a226170705f6c6f676765645f696e223b);

-- --------------------------------------------------------

--
-- Table structure for table `clinic`
--

CREATE TABLE `clinic` (
  `clinic_user_id` int(10) UNSIGNED NOT NULL COMMENT 'user_id',
  `clinic_name` varchar(255) DEFAULT NULL,
  `clinic_email` varchar(255) NOT NULL,
  `clinic_user_pass` varchar(60) DEFAULT NULL,
  `clinic_status` varchar(255) NOT NULL,
  `clinic_phone` varchar(255) DEFAULT NULL,
  `clinic_website` varchar(255) DEFAULT NULL,
  `clinic_country` varchar(255) DEFAULT NULL,
  `clinic_state` varchar(255) DEFAULT NULL,
  `clinic_city` varchar(255) DEFAULT NULL,
  `clinic_address` text DEFAULT NULL,
  `clinic_timezone` varchar(255) DEFAULT NULL,
  `clinic_zip` varchar(255) DEFAULT NULL,
  `clinic_controlled_license` varchar(255) DEFAULT NULL,
  `clinic_reg_no` varchar(255) DEFAULT NULL,
  `clinic_profile_info` varchar(255) NOT NULL,
  `clinic_logo` varchar(255) DEFAULT NULL,
  `is_delete` int(11) NOT NULL DEFAULT 0,
  `clinic_date_added` datetime NOT NULL,
  `clinic_date_update` datetime NOT NULL
) ENGINE=InnoDB DEFAULT CHARSET=utf8;

--
-- Dumping data for table `clinic`
--

INSERT INTO `clinic` (`clinic_user_id`, `clinic_name`, `clinic_email`, `clinic_user_pass`, `clinic_status`, `clinic_phone`, `clinic_website`, `clinic_country`, `clinic_state`, `clinic_city`, `clinic_address`, `clinic_timezone`, `clinic_zip`, `clinic_controlled_license`, `clinic_reg_no`, `clinic_profile_info`, `clinic_logo`, `is_delete`, `clinic_date_added`, `clinic_date_update`) VALUES
(29, 'Fahad ', 'fadihassan0055@gmail.com', '347b04e65071d9c95e42ce5077fdae5567cc11af', 'Active', '031-571-5177', '', 'Pakistan', 'pakistan', 'islamabad', 'islamabad', '', '46000', '', '', '<p>This is my new site to work on ?</p>\r\n', 'uploads/clinic/clinic_6ea9ab1baa0efb9e19094440c317e21b/37e17894b39bd8a12c6fcd8800545885.jpg', 0, '2020-10-21 11:53:14', '2021-03-12 12:53:20'),
(30, 'Cinaplex Complex ', 'cinaplexcomplex@gmail.com', '65e0962348a4693c05fb1130633e299bef5288a9', 'Active', '051-632-4156', 'cinaplex.com ', 'Pakistan', 'Capital ', 'Islamabad ', 'islamabad pakistan ', 'Asia/Karachi', '46000', '123', '123', '<p>Is the world most popolar country cinema</p>\r\n', 'uploads/clinic/clinic_34173cb38f07f89ddbebc2ac9128303f/9d4595fe67fa9d207061def88e33e682.jpg', 0, '2020-10-22 05:21:55', '2021-03-18 07:49:44'),
(31, 'Isb ', 'diagnostic@gmail.com', '0428bb8c1067a06e9c2ea839121f7268005314ac', 'Active', '033-315-2567', 'diagnostic@gmail.com', 'Pakistan', 'kpk', 'peshwar', 'isb', 'Asia/Karachi', '15000', '123', '123', '<p>Hello World !</p>\r\n', 'uploads/clinic/clinic_c16a5320fa475530d9583c34fd356ef5/d3deb766bc96c6ae4b05f07afb1705e3.jpg', 0, '2020-10-22 05:36:45', '0000-00-00 00:00:00'),
(32, 'My Complex', 'clinic@gmail.com', '21845b5e04c48548d4dcf7f282e756b4111825bb', 'Active', '032-156-4863', 'complex.com', 'Pakistan', 'kpk', 'kohat', '123', 'Asia/Karachi', '46000', '123', '123', '<p>Hassan&nbsp;</p>\r\n', NULL, 0, '2020-10-27 08:17:49', '2021-03-06 21:14:04'),
(33, 'Hassan aqiq', 'khan@gmail.com', '445d0e5badedeef20fef2d6b15555e6c9d9c4d5b', 'Inactive', '063-108-5645', 'saeed.com', 'Pakistan', 'pakistan', 'islamabad', 'islamabad', 'America/Anchorage', '46000', '123', '123', '<p>Hello World !</p>\r\n', NULL, 0, '2021-03-18 07:45:57', '2021-03-18 07:46:55'),
(34, 'Hassan', 'zameen@gmail.com', '21845b5e04c48548d4dcf7f282e756b4111825bb', 'Active', '___-___-____', 'lkjadljflhlk', 'United Arab Emirates', 'Dubai', 'islamabad', 'Hor Al Anz, Deira Dubai.', '', '46000', '123', '123', '<p>Hello world</p>\r\n', NULL, 0, '2021-03-18 07:50:49', '0000-00-00 00:00:00');

-- --------------------------------------------------------

--
-- Table structure for table `customers`
--

CREATE TABLE `customers` (
  `id` int(10) UNSIGNED NOT NULL COMMENT 'user_id',
  `name` varchar(255) NOT NULL,
  `user_phone` varchar(255) NOT NULL,
  `user_email` varchar(255) NOT NULL,
  `user_date` datetime NOT NULL,
  `user_banned` tinyint(1) NOT NULL DEFAULT 0,
  `user_delete` int(255) NOT NULL
) ENGINE=InnoDB DEFAULT CHARSET=utf8;

--
-- Dumping data for table `customers`
--

INSERT INTO `customers` (`id`, `name`, `user_phone`, `user_email`, `user_date`, `user_banned`, `user_delete`) VALUES
(1, 'Main Admin', '123', 'admin@gmail.com', '2019-01-26 03:06:24', 0, 0),
(2, 'Dr Waseem Shah', '03339531702', 'sayedwaseem@gmail.com', '2019-01-26 03:06:24', 0, 0),
(23, 'Brain tag SOlution', '03339531702', 'p144@gmail.com', '2019-01-26 03:06:24', 0, 0),
(24, 'Brain tag SOlution1', '03339531702', 'p144@gmail.com', '2019-01-26 03:06:24', 0, 0),
(25, 'Ray', '+1956585585', 'ray@gmail.com', '2019-04-27 10:40:02', 0, 0);

-- --------------------------------------------------------

--
-- Table structure for table `custom_email_sms`
--

CREATE TABLE `custom_email_sms` (
  `ID` int(11) NOT NULL,
  `doctor_id` int(255) NOT NULL,
  `title` varchar(255) NOT NULL,
  `subject` varchar(255) DEFAULT NULL,
  `body` varchar(255) NOT NULL,
  `type` int(11) NOT NULL COMMENT '1 For Email / 0 For SMS'
) ENGINE=InnoDB DEFAULT CHARSET=utf8mb4;

--
-- Dumping data for table `custom_email_sms`
--

INSERT INTO `custom_email_sms` (`ID`, `doctor_id`, `title`, `subject`, `body`, `type`) VALUES
(11, 21, 'New Payment ', 'Testing purpose', '<p>Hello World for the techno Friend ?</p>\r\n', 1),
(17, 21, 'New Payment ', '', 'aadfs', 0),
(18, 21, 'Medical Record', '', 'Hello Medical Record ?', 0),
(19, 21, 'Medical Record', 'None', '<p>Hello Testing Popup !</p>\r\n', 1);

-- --------------------------------------------------------

--
-- Table structure for table `custom_email_sms_scheduler`
--

CREATE TABLE `custom_email_sms_scheduler` (
  `pk_scheduler_ID` int(11) NOT NULL,
  `fkdoctor_id` int(11) NOT NULL,
  `fkpatient_id` int(11) NOT NULL,
  `fk_notification_id` int(11) NOT NULL,
  `scheduler_type` int(11) NOT NULL COMMENT ' 0 For Custom / 1 For Appointment / 2 For Contact',
  `Notification_type` int(11) NOT NULL COMMENT '1 ForEmail / 0 For SMS',
  `task` varchar(255) DEFAULT NULL,
  `status` int(11) NOT NULL COMMENT '1 For Sent / 0 For Pending ',
  `title` varchar(255) NOT NULL,
  `subject` varchar(255) DEFAULT NULL,
  `body` varchar(255) NOT NULL,
  `send_to` int(11) NOT NULL COMMENT '1 For Doctor / 0 For Patient',
  `sendDateTime` datetime NOT NULL
) ENGINE=MyISAM DEFAULT CHARSET=latin1;

--
-- Dumping data for table `custom_email_sms_scheduler`
--

INSERT INTO `custom_email_sms_scheduler` (`pk_scheduler_ID`, `fkdoctor_id`, `fkpatient_id`, `fk_notification_id`, `scheduler_type`, `Notification_type`, `task`, `status`, `title`, `subject`, `body`, `send_to`, `sendDateTime`) VALUES
(34, 21, 42, 18, 0, 0, NULL, 0, 'Medical Record', '', 'Hello Medical Record ?', 0, '2021-05-26 20:30:00'),
(29, 21, 42, 0, 2, 1, NULL, 0, 'Title', 'Welcome Patient', '<p>Hello {PatientName} ,</p>\r\n\r\n<p>Welcome to {ClinicName}.</p>\r\n\r\n<p><strong>Your Account</strong><br />\r\n{DoctorName} has created an online account for you, view details below. Login to review your appointment details, complete your patient questionnair', 0, '2021-05-03 08:46:21'),
(36, 21, 42, 17, 0, 0, NULL, 0, 'New Payment ', '', 'aadfs', 0, '2021-04-22 16:00:00'),
(38, 21, 42, 19, 0, 1, NULL, 0, 'Medical Record', 'None', '<p>Hello Testing Popup !</p>\r\n', 0, '2021-05-06 20:00:00'),
(39, 21, 42, 11, 0, 1, NULL, 0, 'New Payment ', 'Testing purpose', '<p>Hello World for the techno Friend ?</p>\r\n', 0, '2021-05-05 21:30:00'),
(31, 21, 42, 19, 0, 1, NULL, 0, 'Medical Record', 'None', '<p>Hello Testing Popup !</p>\r\n', 0, '2021-02-10 20:30:00'),
(30, 21, 42, 0, 2, 0, NULL, 0, 'Title', NULL, 'Hi {PatientName},\r\n{DoctorName} setup your account. \r\nURL: {LoginURL} \r\nUSER: {UserName} \r\nPW: {PassWord} \r\nContact {DoctorPhone} | {DoctorEmail}', 0, '2021-05-03 08:47:08');

-- --------------------------------------------------------

--
-- Table structure for table `default_email`
--

CREATE TABLE `default_email` (
  `id` int(11) NOT NULL,
  `title` varchar(255) NOT NULL,
  `task` varchar(255) NOT NULL,
  `subject` varchar(255) NOT NULL,
  `body` text NOT NULL,
  `body_2` text NOT NULL,
  `instruction` text NOT NULL,
  `instruction_2` text NOT NULL,
  `type` int(11) NOT NULL COMMENT '0 for email 1 for SMS',
  `status` varchar(255) NOT NULL,
  `from_name` varchar(255) NOT NULL,
  `clinic_type` int(11) NOT NULL DEFAULT 0 COMMENT '`1` for telehealth',
  `user_type` int(11) NOT NULL DEFAULT 0 COMMENT '1 for doctor and 2 for patient'
) ENGINE=InnoDB DEFAULT CHARSET=utf8;

--
-- Dumping data for table `default_email`
--

INSERT INTO `default_email` (`id`, `title`, `task`, `subject`, `body`, `body_2`, `instruction`, `instruction_2`, `type`, `status`, `from_name`, `clinic_type`, `user_type`) VALUES
(1, 'Patient Register', 'patient_register_email', 'Welcome Patient', '<p>Hello {PatientName} ,</p>\r\n\r\n<p>Welcome to {ClinicName}.</p>\r\n\r\n<p><strong>Your Account</strong><br />\r\n{DoctorName} has created an online account for you, view details below. Login to review your appointment details, complete your patient questionnaire, update your profile and more..<br />\r\n<br />\r\n-------------------------------------------------------------<br />\r\n<strong>Account Details</strong><br />\r\n<strong>Patient Name:</strong> {PatientName}<br />\r\n<strong>User Name:</strong> {UserName}<br />\r\n<strong>Password:</strong> {PassWord}<br />\r\n<strong>Login:</strong> {LoginURL}<br />\r\n-------------------------------------------------------------<br />\r\n&nbsp;</p>\r\n\r\n<p><strong>Please Complete Your Patient Questionnaire</strong><br />\r\nIf you have not completed your patient questionnaire please click on the link below.<br />\r\n{PatientForm}</p>\r\n\r\n<p><strong>For any help or questions please feel free to contact us.</strong></p>\r\n\r\n<p>Clinic Name : {DoctorName}<br />\r\nEmail: {DoctorEmail}<br />\r\nPhone: {DoctorPhone}<br />\r\nAddress: {DoctorAddress}<br />\r\nLicense # {DoctorLicense}</p>\r\n', '<p>Hello {PatientName} ,</p>\r\n\r\n<p>Welcome to {ClinicName}.</p>\r\n\r\n<p><strong>Your Account</strong><br />\r\n{DoctorName} has created an online account for you, view details below. Login to review your appointment details, complete your patient questionnaire, update your profile and more..<br />\r\n<br />\r\n-------------------------------------------------------------<br />\r\n<strong>Account Details</strong><br />\r\n<strong>Patient Name:</strong> {PatientName}<br />\r\n<strong>User Name:</strong> {UserName}<br />\r\n<strong>Password:</strong> {PassWord}<br />\r\n<strong>Login:</strong> {LoginURL}<br />\r\n-------------------------------------------------------------<br />\r\n&nbsp;</p>\r\n\r\n<p><strong>Please Complete Your Patient Questionnaire</strong><br />\r\nIf you have not completed your patient questionnaire please click on the link below.<br />\r\n{PatientForm}</p>\r\n\r\n<p><strong>For any help or questions please feel free to contact us.</strong></p>\r\n\r\n<p>Clinic Name : {DoctorName}<br />\r\nEmail: {DoctorEmail}<br />\r\nPhone: {DoctorPhone}<br />\r\nAddress: {DoctorAddress}<br />\r\nLicense # {DoctorLicense}</p>\r\n', '<b>Patient Name:</b> {PatientName} \r\n<b>User Name:</b> {UserName}\r\n<b>Password:</b>  {PassWord} \r\n<b>Login:</b>     {LoginURL}\r\n\r\n<b>Doctor Name:</b>  {DoctorName}\r\n<b>Email:</b> {DoctorEmail}\r\n<b>Phone:</b> {DoctorPhone}\r\n<b>Address:</b> {DoctorAddress}\r\n<b>Clinic Name:</b> {ClinicName}\r\n<b>License#</b> {DoctorLicense}\r\n\r\n<b>Questionnaire Link:</b> {PatientForm}', '<b>Patient Name:</b> {PatientName} \r\n<b>User Name:</b> {UserName}\r\n<b>Password:</b>  {PassWord} \r\n<b>Login:</b>     {LoginURL}\r\n\r\n<b>Doctor Name:</b>  {DoctorName}\r\n<b>Email:</b> {DoctorEmail}\r\n<b>Phone:</b> {DoctorPhone}\r\n<b>Address:</b> {DoctorAddress}\r\n<b>Clinic Name:</b> {ClinicName}\r\n<b>License#</b> {DoctorLicense}\r\n\r\n<b>Questionnaire Link:</b> {PatientForm}', 0, 'YES', '', 0, 2),
(2, 'Patient Register', 'patient_register_email', '0', 'Hi {PatientName},\r\n{DoctorName} setup your account. \r\nURL: {LoginURL} \r\nUSER: {UserName} \r\nPW: {PassWord} \r\nContact {DoctorPhone} | {DoctorEmail}', 'Hi {PatientName},{CaregiverName} setup your account. URL: {LoginURL} USER: {UserName} PW: {PassWord} ?Contact {CaregiverPhone} | {CaregiverEmail}', '<b>Patient Name:</b> {PatientName} \r\n<b>User Name:</b> {UserName}\r\n<b>Password:</b> {PassWord} \r\n<b>Login:</b> {LoginURL}\r\n\r\n<b>Doctor Name:</b> {DoctorName}\r\n<b>Email:</b> {DoctorEmail}\r\n<b>Phone:</b> {DoctorPhone}\r\n<b>Address:</b> {DoctorAddress}\r\n<b>License#</b> {DoctorLicense}\r\n\r\n<b>Questionnaire Link:</b> {PatientForm}', '<b>Patient Name:</b> {PatientName} \r\n<b>User Name:</b> {UserName}\r\n<b>Password:</b> {PassWord} \r\n<b>Login:</b> {LoginURL}\r\n\r\n<b>Doctor Name:</b> {DoctorName}\r\n<b>Email:</b> {DoctorEmail}\r\n<b>Phone:</b> {DoctorPhone}\r\n<b>Address:</b> {DoctorAddress}\r\n<b>License#</b> {DoctorLicense}\r\n\r\n<b>Questionnaire Link:</b> {PatientForm}\r\n', 1, 'YES', '', 0, 2),
(7, 'Appointment Reminder', 'appointment_reminder_doctor', 'Appointment Reminder', '<p>Hello {DoctorName},<br />\n<br />\nThis is a reminder.<br />\n<br />\nYou have an appointment on {Date} at {Time} with:<br />\n<br />\n{PatientName}<br />\n{PatientPhone}<br />\n{PatientEmail}</p>\n', '<p>Hello {CaregiverName},<br />\n<br />\nThis is a reminder.<br />\n<br />\nYou have an appointment on {Date} at {Time} with:<br />\n<br />\n{PatientName}<br />\n{PatientPhone}<br />\n{PatientEmail}</p>\n', '<b>Patient Name:</b> {PatientName}\r\n<b>Patient Phone:</b> {PatientPhone}\r\n<b>Patient Email:</b> {PatientEmail}\r\n\r\n<b>Appointment Date:</b> {Date}\r\n<b>Appointment Time:</b> {Time}\r\n\r\n<b>Doctor Name:</b>  {DoctorName}\r\n<b>Email:</b> {DoctorEmail}\r\n<b>Phone:</b> {DoctorPhone}\r\n<b>Address:</b> {DoctorAddress}\r\n<b>Clinic Name:</b> {ClinicName}\r\n<b>License#</b> {DoctorLicense}  ', '<b>Patient Name:</b> {PatientName}\r\n<b>Patient Phone:</b> {PatientPhone}\r\n<b>Patient Email:</b> {PatientEmail}\r\n\r\n<b>Appointment Date:</b> {Date}\r\n<b>Appointment Time:</b> {Time}\r\n\r\n<b>Doctor Name:</b>  {DoctorName}\r\n<b>Email:</b> {DoctorEmail}\r\n<b>Phone:</b> {DoctorPhone}\r\n<b>Address:</b> {DoctorAddress}\r\n<b>Clinic Name:</b> {ClinicName}\r\n<b>License#</b> {DoctorLicense}  ', 0, 'YES', '', 0, 1),
(8, 'Appointment Reminder', 'appointment_reminder_doctor', '0', 'Your appointment with {PatientName} on {Date} at {Time}', 'Your appointment with {PatientName} on {Date} at {Time}', '<b>Patient Name:</b> {PatientName}\r\n<b>Doctor Name:</b> {DoctorName}\r\n<b>Appointment Date:</b> {Date}\r\n<b>Appointment Time:</b> {Time} ', '<b>Patient Name:</b> {PatientName}\r\n<b>Doctor Name:</b> {DoctorName}\r\n<b>Appointment Date:</b> {Date}\r\n<b>Appointment Time:</b> {Time} ', 1, 'YES', '', 0, 1);

-- --------------------------------------------------------

--
-- Table structure for table `doctor`
--

CREATE TABLE `doctor` (
  `doctor_user_id` int(10) UNSIGNED NOT NULL COMMENT 'user_id',
  `doctor_name` varchar(255) DEFAULT NULL,
  `doctor_email` varchar(255) NOT NULL,
  `doctor_user_pass` varchar(60) DEFAULT NULL,
  `doctor_status` varchar(255) NOT NULL,
  `doctor_phone` varchar(255) DEFAULT NULL,
  `doctor_clinic_id` varchar(255) NOT NULL,
  `doctor_website` varchar(255) DEFAULT NULL,
  `doctor_country` varchar(255) DEFAULT NULL,
  `doctor_state` varchar(255) DEFAULT NULL,
  `doctor_city` varchar(255) DEFAULT NULL,
  `doctor_address` text DEFAULT NULL,
  `doctor_timezone` varchar(255) DEFAULT NULL,
  `doctor_zip` varchar(255) DEFAULT NULL,
  `doctor_controlled_license` varchar(255) DEFAULT NULL,
  `doctor_reg_no` varchar(255) DEFAULT NULL,
  `doctor_profile_info` varchar(255) NOT NULL,
  `doctor_image` text NOT NULL,
  `is_delete` int(11) NOT NULL DEFAULT 0,
  `doctor_date_added` datetime NOT NULL,
  `doctor_date_update` varchar(255) NOT NULL
) ENGINE=InnoDB DEFAULT CHARSET=utf8;

--
-- Dumping data for table `doctor`
--

INSERT INTO `doctor` (`doctor_user_id`, `doctor_name`, `doctor_email`, `doctor_user_pass`, `doctor_status`, `doctor_phone`, `doctor_clinic_id`, `doctor_website`, `doctor_country`, `doctor_state`, `doctor_city`, `doctor_address`, `doctor_timezone`, `doctor_zip`, `doctor_controlled_license`, `doctor_reg_no`, `doctor_profile_info`, `doctor_image`, `is_delete`, `doctor_date_added`, `doctor_date_update`) VALUES
(14, 'Shahid Hussain ', 'shahidhussain@gmail.com', '9c3aa130c60bf6c4ab9580a9558fc2fa1de0ee3c', 'Active', '435-125-6231', '31', '', '', '', '', '', 'America/Edmonton', '', '', '', '', 'uploads/doctor/doctor_aab3238922bcc25a6f606eb525ffdc56/86c99271487c5163eb19fed20c3a1531.jpg', 0, '2020-10-21 12:24:36', '2020-10-27 06:09:30'),
(15, 'Dr.khalid khan', 'hassan.aqiqali@gmail.com', '18fe1ad5bf44560e5b9f88e9e2994dd9fc5500d9', 'Inactive', '031-571-5177', '32', 'saeed.com', 'Bangladesh', 'pakistan', 'islamabad', 'islamabad', 'America/Edmonton', '46000', '123', '123', '<p>Hello World this is new site&nbsp;!</p>\r\n', 'uploads/doctor/doctor_9bf31c7ff062936a96d3c8bd1f8f2ff3/420b444e39957af76f2dd5ab2cef2f4b.jpg', 0, '2020-10-22 04:54:11', '2020-10-26 08:10:24'),
(21, 'Dr Hassan ', 'doctor@gmail.com', '21845b5e04c48548d4dcf7f282e756b4111825bb', 'Active', '032-156-7972', '32', '123456', 'Pakistan', 'federal', 'islamabad', 'islamabad', 'Asia/Karachi', '46000', '123', '123', '<p>Sunny Loog</p>\r\n                                                                ', 'uploads/doctor/doctor_3c59dc048e8850243be8079a5c74d079/1a7962439fdecee6cde0eeedba65afcc.jpg', 0, '2020-10-27 08:13:41', '2021-03-21 03:15:41'),
(22, 'Hassan aqiq', 'fahad.hassan@gmail.com', '21845b5e04c48548d4dcf7f282e756b4111825bb', 'Active', '___-___-____', '29', 'saeed.com', 'Pakistan', 'pakistan', 'islamabad', 'islamabad', '', '46000', '123', '123', '<p>Hello World</p>\r\n', '', 0, '2021-03-18 07:54:59', ''),
(24, 'My Name', 'khandoctor@gmail.com', '21845b5e04c48548d4dcf7f282e756b4111825bb', 'Inactive', '031-571-5177', '32', 'sdf', 'American Samoa', 'pakistan', 'islamabad', 'islamabad', 'America/Dawson_Creek', '46000', '123', '123', '<p>Hello World</p>\r\n', 'uploads/doctor/doctor_1ff1de774005f8da13f42943881c655f/b976153799dd7bc88dc87ee2f1a2ee97.jpg', 0, '2021-03-18 08:24:59', '');

-- --------------------------------------------------------

--
-- Table structure for table `doctor_meta`
--

CREATE TABLE `doctor_meta` (
  `id` int(11) NOT NULL,
  `fkdoctor_id` int(11) NOT NULL,
  `key` varchar(255) NOT NULL,
  `value` text NOT NULL
) ENGINE=MyISAM DEFAULT CHARSET=latin1;

--
-- Dumping data for table `doctor_meta`
--

INSERT INTO `doctor_meta` (`id`, `fkdoctor_id`, `key`, `value`) VALUES
(29, 21, 'logo_image', 'uploads/doctor/doctor_3c59dc048e8850243be8079a5c74d079/logo/959ef5acda67dc34b3c99c1e62024830.png'),
(28, 21, 'text_logo', 'Hello Logo '),
(13, 21, 'payment_gateways', 'strip_payment'),
(14, 21, 'application_id', ''),
(15, 21, 'access_token', ''),
(16, 21, 'location_id', ''),
(17, 21, 'api_secret_key', '13216546'),
(18, 21, 'api_public_key', '12316546'),
(19, 21, 'payment_environment_authorize', ''),
(20, 21, 'authorizenet_login_id', ''),
(21, 21, 'authorizenet_transaction_key', ''),
(22, 21, 'payment_environment_paypal', ''),
(23, 21, 'api_username', ''),
(24, 21, 'api_password', ''),
(25, 21, 'api_signature', ''),
(26, 21, 'nmi_username', ''),
(27, 21, 'nmi_password', ''),
(30, 21, 'test_email', 'hassan.aqiqali@gmail.com'),
(31, 21, 'email_header_setting', ''),
(32, 21, 'footer_setting', '1'),
(33, 21, 'email_footer_color', '#ca0707'),
(34, 21, 'email_text_color', '#106365'),
(35, 21, 'email_footer_text', '<p>Hello Test Footer Text ?</p>\r\n'),
(36, 21, 'favicon', 'uploads/doctor/doctor_3c59dc048e8850243be8079a5c74d079/Favicon/ce00eb08e7c5b912ab8a4fa609397451.jpg'),
(37, 21, 'date_selected_color', '#e44141'),
(38, 21, 'date_selected_text_color', 'custom'),
(39, 21, 'date_available_color', '#cb2828'),
(40, 21, 'date_available_text_color', 'custom'),
(41, 21, 'calendar_color_all', '#b71212'),
(42, 21, 'calendar_text_color_all', 'custom'),
(43, 21, 'date_selected_custom_text', '#896060'),
(44, 21, 'date_available_custom_text', '#b95656'),
(45, 21, 'calendar_text_custom_all', '#e83434'),
(46, 21, 'invoice-skin', 'bg-info'),
(47, 21, 'inovice_note', 'Hello Dear Testing Purpose ?'),
(48, 21, 'invoice_logo', '1'),
(49, 21, 'invoice_text_logo', 'Test Logo Test'),
(50, 21, 'invoice_signature', '1'),
(51, 21, 'signImage_url', 'uploads/doctor/doctor_3c59dc048e8850243be8079a5c74d079/invoice_signature/805d62de1749662aa32a4f2a39f41f55.png'),
(52, 21, 'signMade_url', '12345'),
(53, 21, 'singee_title', 'Hello Hassan !'),
(54, 21, 'invoice_logo_url', 'uploads/doctor/doctor_3c59dc048e8850243be8079a5c74d079/invoice_logo/25b350e9f07ebe8ac6b0accd074400c9.jpeg'),
(55, 21, 'logo_type', 'text_logo'),
(56, 21, 'invoice_upload_logo_old', 'uploads/doctor/doctor_3c59dc048e8850243be8079a5c74d079/invoice_logo/25b350e9f07ebe8ac6b0accd074400c9.jpeg');

-- --------------------------------------------------------

--
-- Table structure for table `doctor_patient`
--

CREATE TABLE `doctor_patient` (
  `id` int(11) NOT NULL,
  `fkpatient_id` int(11) NOT NULL,
  `fkdoctor_id` int(11) NOT NULL
) ENGINE=MyISAM DEFAULT CHARSET=latin1;

--
-- Dumping data for table `doctor_patient`
--

INSERT INTO `doctor_patient` (`id`, `fkpatient_id`, `fkdoctor_id`) VALUES
(8, 10, 21),
(25, 67, 21),
(23, 41, 21),
(24, 42, 21),
(26, 122, 21),
(32, 130, 21),
(29, 127, 21),
(31, 129, 15),
(33, 132, 21),
(34, 133, 21),
(35, 134, 21),
(36, 135, 21),
(37, 136, 21),
(38, 139, 21),
(39, 140, 21),
(40, 141, 21),
(41, 142, 21),
(42, 143, 21),
(43, 144, 21),
(44, 145, 21),
(45, 146, 21),
(46, 147, 21),
(47, 148, 21),
(48, 149, 21),
(50, 151, 21),
(51, 152, 21),
(52, 153, 21),
(53, 154, 21),
(54, 155, 21),
(55, 156, 21),
(56, 157, 21),
(57, 158, 21),
(58, 159, 21),
(59, 160, 21);

-- --------------------------------------------------------

--
-- Table structure for table `email_template`
--

CREATE TABLE `email_template` (
  `id` int(11) NOT NULL,
  `doctor_id` int(11) NOT NULL,
  `task` varchar(255) NOT NULL,
  `subject` varchar(255) NOT NULL,
  `body` text NOT NULL,
  `type` int(11) NOT NULL COMMENT '0 for email 1 for SMS',
  `is_notification` int(3) NOT NULL DEFAULT 0 COMMENT '1 For enabled 0 For disabled notification',
  `status` varchar(255) NOT NULL
) ENGINE=InnoDB DEFAULT CHARSET=utf8;

--
-- Dumping data for table `email_template`
--

INSERT INTO `email_template` (`id`, `doctor_id`, `task`, `subject`, `body`, `type`, `is_notification`, `status`) VALUES
(1, 21, 'patient_register_email', 'Welcome Patient', '<p>Hello {PatientName} ,</p>\r\n\r\n<p>Welcome to {ClinicName}.</p>\r\n\r\n<p><strong>Your Account</strong><br />\r\n{DoctorName} has created an online account for you, view details below. Login to review your appointment details, complete your patient questionnaire, update your profile and more..<br />\r\n<br />\r\n-------------------------------------------------------------<br />\r\n<strong>Account Details</strong><br />\r\n<strong>Patient Name:</strong> {PatientName}<br />\r\n<strong>User Name:</strong> {UserName}<br />\r\n<strong>Password:</strong> {PassWord}<br />\r\n<strong>Login:</strong> {LoginURL}<br />\r\n-------------------------------------------------------------<br />\r\n&nbsp;</p>\r\n\r\n<p><strong>Please Complete Your Patient Questionnaire</strong><br />\r\nIf you have not completed your patient questionnaire please click on the link below.<br />\r\n{PatientForm}</p>\r\n\r\n<p><strong>For any help or questions please feel free to contact us.</strong></p>\r\n\r\n<p>Clinic Name : {DoctorName}<br />\r\nEmail: {DoctorEmail}<br />\r\nPhone: {DoctorPhone}<br />\r\nAddress: {DoctorAddress}<br />\r\nLicense # {DoctorLicense}</p>\r\n', 0, 0, ''),
(3, 21, 'appointment_reminder_doctor', 'Hello Test ', '<p>Hello {DoctorName},<br />\r\n<br />\r\nThis is a reminder.<br />\r\n<br />\r\nYou have an appointment on {Date} at {Time} with:<br />\r\n<br />\r\n{PatientName}<br />\r\n{PatientPhone}<br />\r\n{PatientEmail}</p>\r\n', 0, 1, ''),
(4, 21, 'appointment_reminder_doctor', '', 'Your appointment with {PatientName} on {Date} at {Time} 123', 1, 1, ''),
(5, 21, 'patient_register_email', '', 'Hi {PatientName},\r\n{DoctorName} setup your account. \r\nURL: {LoginURL} \r\nUSER: {UserName} \r\nPW: {PassWord} \r\nContact {DoctorPhone} | {DoctorEmail}', 1, 0, '');

-- --------------------------------------------------------

--
-- Table structure for table `extra_services`
--

CREATE TABLE `extra_services` (
  `pk_extra_service_id` int(11) NOT NULL,
  `name` varchar(255) NOT NULL,
  `price` int(255) NOT NULL,
  `info` varchar(400) NOT NULL,
  `doctor_id` int(11) NOT NULL
) ENGINE=MyISAM DEFAULT CHARSET=latin1;

--
-- Dumping data for table `extra_services`
--

INSERT INTO `extra_services` (`pk_extra_service_id`, `name`, `price`, `info`, `doctor_id`) VALUES
(4, 'Test', 500, 'Testing Purpose ?', 21),
(5, 'Test 3', 1000, 'Hello World ?', 21),
(6, 'Test 2', 1000, 'Hello world ?', 21),
(7, 'Test', 1000, '', 21),
(8, 'Test', 1000, '', 21),
(9, 'Home Slider', 783, 'Bro Hello', 21),
(10, 'Test', 1000, 'Hello World ?', 21),
(11, 'Test', 1200, 'This is a testing entry !', 21);

-- --------------------------------------------------------

--
-- Table structure for table `extra_services_linking`
--

CREATE TABLE `extra_services_linking` (
  `pkid` int(11) NOT NULL,
  `fk_extra_service_id` int(255) NOT NULL,
  `fk_service_id` int(255) NOT NULL
) ENGINE=InnoDB DEFAULT CHARSET=utf8mb4;

--
-- Dumping data for table `extra_services_linking`
--

INSERT INTO `extra_services_linking` (`pkid`, `fk_extra_service_id`, `fk_service_id`) VALUES
(1, 7, 18),
(2, 7, 24),
(3, 8, 24),
(4, 6, 17),
(6, 10, 17),
(7, 10, 18),
(8, 11, 18),
(9, 11, 24),
(10, 9, 25);

-- --------------------------------------------------------

--
-- Table structure for table `invoices`
--

CREATE TABLE `invoices` (
  `pk_invoice_id` int(11) NOT NULL,
  `fk_patient_id` int(11) NOT NULL,
  `doctor_id` int(11) NOT NULL,
  `date_created` date NOT NULL,
  `date_due` date NOT NULL,
  `discount_amount` varchar(255) NOT NULL,
  `deposit_amount` varchar(255) NOT NULL,
  `sub_total` varchar(255) NOT NULL,
  `total_amount` varchar(255) NOT NULL,
  `status` int(11) NOT NULL,
  `is_delete` int(11) NOT NULL DEFAULT 0
) ENGINE=MyISAM DEFAULT CHARSET=latin1;

--
-- Dumping data for table `invoices`
--

INSERT INTO `invoices` (`pk_invoice_id`, `fk_patient_id`, `doctor_id`, `date_created`, `date_due`, `discount_amount`, `deposit_amount`, `sub_total`, `total_amount`, `status`, `is_delete`) VALUES
(17, 67, 21, '2021-04-20', '2021-04-27', '150', '60', '6200', '6050', 0, 1),
(19, 122, 21, '2021-04-21', '2021-04-22', '1000', '500', '6200', '5200', 1, 1),
(20, 67, 21, '2021-04-22', '2021-04-23', '0', '0', '6200', '6200', 1, 0),
(21, 0, 21, '1970-01-01', '1970-01-01', '', '', '11400', '11400', 3, 1),
(22, 10, 21, '2021-04-17', '2021-04-16', '', '', '5200', '5200', 2, 1),
(23, 122, 21, '2021-04-27', '2021-04-19', '', '', '0', '0', 2, 1),
(24, 67, 21, '2021-04-27', '2021-04-24', '1000', '500', '6500', '5500', 1, 0),
(25, 42, 21, '2021-04-22', '2021-04-24', '1000', '500', '6200', '5200', 1, 1),
(26, 42, 21, '2021-04-23', '2021-04-17', '', '', '6200', '6200', 2, 1),
(27, 122, 21, '2021-05-28', '2021-05-15', '1000', '500', '7200', '6200', 1, 1),
(28, 67, 21, '2021-05-28', '2021-05-24', '1000', '15000', '6200', '5200', 1, 0),
(29, 42, 21, '2021-05-28', '2021-05-24', '1000', '15000', '2000', '0', 3, 1),
(30, 42, 21, '2021-05-05', '2021-05-06', '50', '', '1150', '0', 1, 1),
(31, 67, 21, '2021-05-22', '2021-05-07', '1000', '500', '7700', '0', 1, 1),
(32, 42, 21, '2021-05-06', '2021-05-13', '1200', '15000', '1000', '-200', 1, 1),
(33, 67, 21, '2021-05-21', '2021-05-22', '1000', '500', '6200', '0', 1, 1),
(34, 67, 21, '2021-05-22', '2021-05-28', '1000', '500', '158400', '157400', 1, 0),
(35, 42, 21, '2021-05-12', '2021-05-27', '1000', '500', '1000', '0', 1, 1),
(36, 138, 21, '2021-05-05', '2021-05-06', '', '', '0', '0', 0, 1),
(37, 0, 21, '2021-05-28', '2021-05-22', '', '', '0', '0', 0, 1),
(38, 67, 21, '2021-05-29', '2021-05-08', '1000', '1000', '6200', '5200', 1, 0),
(39, 67, 21, '2021-05-29', '2021-05-08', '1200', '15000', '2000', '800', 1, 0),
(40, 145, 21, '2021-07-17', '2021-07-24', '1000', '500', '7200', '6200', 1, 0);

-- --------------------------------------------------------

--
-- Table structure for table `invoice_service_entries`
--

CREATE TABLE `invoice_service_entries` (
  `pkid` int(11) NOT NULL,
  `fk_invoice_id` int(11) NOT NULL,
  `fk_service_id` int(11) NOT NULL,
  `service_text` varchar(255) NOT NULL,
  `service_price` varchar(255) NOT NULL
) ENGINE=MyISAM DEFAULT CHARSET=latin1;

--
-- Dumping data for table `invoice_service_entries`
--

INSERT INTO `invoice_service_entries` (`pkid`, `fk_invoice_id`, `fk_service_id`, `service_text`, `service_price`) VALUES
(59, 21, 18, 'Test 3', '5200'),
(52, 22, 18, 'Test 3', '5200'),
(108, 19, 18, 'Test 3', '5200'),
(107, 19, 17, 'Test', '1000'),
(48, 17, 17, 'Test', '1000'),
(49, 17, 18, 'Test 3', '5200'),
(121, 20, 18, 'Test 3', '5200'),
(120, 20, 17, 'Test', '1000'),
(58, 21, 18, 'Test 3', '5200'),
(119, 24, 0, 'Custom Entry', '300'),
(118, 24, 18, 'Test 3', '5200'),
(117, 24, 26, 'Test 2', '1000'),
(60, 21, 17, 'Test', '1000'),
(113, 25, 18, 'Test 3', '5200'),
(112, 25, 25, 'Test', '1000'),
(63, 26, 25, 'Test', '1000'),
(64, 26, 18, 'Test 3', '5200'),
(111, 27, 18, 'Test 3', '5200'),
(110, 27, 17, 'Test', '1000'),
(109, 27, 25, 'Test', '1000'),
(116, 28, 18, 'Test 3', '5200'),
(115, 28, 25, 'Test', '1000'),
(79, 29, 17, 'Test', '1000'),
(78, 29, 26, 'Test 2', '1000'),
(86, 30, 0, 'Test Payment', '150'),
(96, 31, 18, 'Test 3', '5200'),
(77, 32, 17, 'Test', '1000'),
(83, 33, 18, 'Test 3', '5200'),
(82, 33, 25, 'Test', '1000'),
(87, 30, 25, 'Test', '1000'),
(104, 34, 17, 'Test', '1000'),
(103, 34, 18, 'Test 3', '5200'),
(102, 34, 0, 'Custom ', '152200'),
(97, 31, 26, 'Test 2', '1000'),
(95, 31, 0, 'Custom Testing !', '500'),
(98, 31, 26, 'Test 2', '1000'),
(114, 35, 17, 'Test', '1000'),
(122, 38, 25, 'Test', '1000'),
(123, 38, 18, 'Test 3', '5200'),
(124, 39, 26, 'Test 2', '1000'),
(125, 39, 25, 'Test', '1000'),
(126, 40, 25, 'Test', '1000'),
(127, 40, 18, 'Test 3', '5200'),
(128, 40, 24, 'Test', '1000');

-- --------------------------------------------------------

--
-- Table structure for table `meta_data`
--

CREATE TABLE `meta_data` (
  `pksettingid` int(11) NOT NULL,
  `key_val` text DEFAULT NULL,
  `value` text DEFAULT NULL
) ENGINE=InnoDB DEFAULT CHARSET=latin1;

--
-- Dumping data for table `meta_data`
--

INSERT INTO `meta_data` (`pksettingid`, `key_val`, `value`) VALUES
(1, 'name', 'Waseem Hassan'),
(2, 'email', 'sayedwaseem414@gmail.com'),
(3, 'phone', '3339531702'),
(4, 'country', '3339531702'),
(5, 'state', '3339531702'),
(6, 'city', '3339531702'),
(7, 'address', '3339531702'),
(8, 'timezone', '3339531702'),
(9, 'zipcode', '3339531702'),
(10, 'About', '3339531702'),
(11, 'subscription_token', 'F1DAD62A427642D18DEEDD79E63E69F1809201DF03884313B643F360D2A9F660');

-- --------------------------------------------------------

--
-- Table structure for table `patient`
--

CREATE TABLE `patient` (
  `patient_user_id` int(11) NOT NULL,
  `patient_fname` varchar(255) DEFAULT NULL,
  `patient_mname` varchar(255) DEFAULT NULL,
  `patient_lname` varchar(255) NOT NULL,
  `patient_email` varchar(255) NOT NULL,
  `patient_user_name` varchar(255) NOT NULL,
  `patient_user_pass` varchar(255) NOT NULL,
  `patient_phone` varchar(255) NOT NULL,
  `patient_dob` varchar(255) NOT NULL,
  `patient_address1` varchar(255) NOT NULL,
  `patient_address2` varchar(255) NOT NULL,
  `patient_country` varchar(255) NOT NULL,
  `patient_state` varchar(255) NOT NULL,
  `patient_city` varchar(255) NOT NULL,
  `patient_timezone` varchar(255) NOT NULL,
  `patient_zip` varchar(255) NOT NULL,
  `patient_status` int(3) NOT NULL DEFAULT 0 COMMENT '0 For Pending/ 1 For Approved/ 2 For Unapproved',
  `patient_social_sec` varchar(255) NOT NULL,
  `patient_init_visit` varchar(255) NOT NULL,
  `patient_weigth` varchar(255) NOT NULL,
  `patient_height` varchar(255) NOT NULL,
  `patient_sex` varchar(255) NOT NULL,
  `is_email` varchar(255) DEFAULT '0' COMMENT '1 for email_option o for unchecked',
  `is_sms` varchar(255) DEFAULT '0' COMMENT '1 for sms option 0 for unchecked',
  `patient_guardian` varchar(255) NOT NULL,
  `patient_photo` text DEFAULT NULL,
  `idcard_url_front` text DEFAULT NULL,
  `idcard_url_back` text DEFAULT NULL,
  `is_deleted` int(3) NOT NULL DEFAULT 0
) ENGINE=MyISAM DEFAULT CHARSET=latin1;

--
-- Dumping data for table `patient`
--

INSERT INTO `patient` (`patient_user_id`, `patient_fname`, `patient_mname`, `patient_lname`, `patient_email`, `patient_user_name`, `patient_user_pass`, `patient_phone`, `patient_dob`, `patient_address1`, `patient_address2`, `patient_country`, `patient_state`, `patient_city`, `patient_timezone`, `patient_zip`, `patient_status`, `patient_social_sec`, `patient_init_visit`, `patient_weigth`, `patient_height`, `patient_sex`, `is_email`, `is_sms`, `patient_guardian`, `patient_photo`, `idcard_url_front`, `idcard_url_back`, `is_deleted`) VALUES
(145, 'Farwa ', NULL, 'Khan ', 'farwa@gmail.com', 'CPmV69r4', 'ad67193e18bf745da1208ff6f50ae46e0f4404af', '03139652987', '', '', '', '', '', '', '', '', 0, '', '', '', '', '', '0', '0', '', NULL, NULL, NULL, 1),
(149, 'Fahad', 'Hassan', 'Hassan', 'Jhson@gmail.com', 'Yv945TQp', '27ab7cd7c8d5ba3e184965ad457f711a802a9b84', '031-571-5177', '07/27/2021', '1234', '123', 'Algeria', 'KPK', 'Kohat', '', '46000', 2, '', '07/13/2021', '', '', 'Other', '0', '0', '', NULL, NULL, NULL, 0),
(147, 'Fahad ', 'Hassan', 'Hassan', 'doctorac@gmail.com', 'n9t8VnZ3', '0087d8b4f48fe7efadafca28d96e942d1200c96e', '032-165-4645', '07/20/2021', '1234', '123', 'Pakistan', 'KPK', 'Kohat', '', '46000', 1, '123456', '07/20/2021', '', '', 'Female', '0', '0', '', NULL, NULL, NULL, 0),
(139, 'Fahad', 'Hassan ', 'Hassan ', 'patient12@gmail.com', 'Fadihassan', '21845b5e04c48548d4dcf7f282e756b4111825bb', '031-571-5177', '05/10/2021', '1234', '123', 'Pakistan', 'KPK', 'Kohat', 'America/Dawson_Creek', '46000', 1, '123456', '04/27/2021', '45', '45', 'Male', '1', '0', 'Hassan Aqiq', 'uploads/doctor/doctor_3c59dc048e8850243be8079a5c74d079/e00da03b685a0dd18fb6a08af0923de0/1622198260cbg-bg.jpg', NULL, NULL, 0),
(160, 'Zain ', NULL, 'Haider ', 'zain@gmail.com', '5GYQMz6S', 'ca3a06ca7bce2e48feb8313ee23c8a7664cf1a2b', '03157151776', '138654', 'ABcdEF', '', '', '', '', '', '', 0, '1102132', '', '45', '168', '', '1', '1', '', 'uploads/doctor/doctor_3c59dc048e8850243be8079a5c74d079/b73ce398c39f506af761d2277d853a92/1625217954cbg-bg.jpg', 'uploads/doctor/doctor_3c59dc048e8850243be8079a5c74d079/b73ce398c39f506af761d2277d853a92/1625217940cbg-bg.jpg', 'uploads/doctor/doctor_3c59dc048e8850243be8079a5c74d079/b73ce398c39f506af761d2277d853a92/1625217947cbg-bg.jpg', 0);

-- --------------------------------------------------------

--
-- Table structure for table `patient_additional_questionair`
--

CREATE TABLE `patient_additional_questionair` (
  `ID` int(3) NOT NULL,
  `fk_patient_id` int(3) NOT NULL,
  `question` varchar(255) NOT NULL,
  `answer` varchar(255) NOT NULL,
  `type` int(3) NOT NULL
) ENGINE=InnoDB DEFAULT CHARSET=utf8mb4;

--
-- Dumping data for table `patient_additional_questionair`
--

INSERT INTO `patient_additional_questionair` (`ID`, `fk_patient_id`, `question`, `answer`, `type`) VALUES
(1, 149, 'First Text', 'JhonHassan ', 0),
(2, 149, 'FirstText Area', 'Hello Hassan !', 4),
(3, 149, 'Second Text Area', 'Hi Every one !', 4),
(4, 149, 'Second Test Field', 'FaiziKhan', 0),
(5, 149, 'Second DropDown', 'Male ', 3),
(6, 149, 'First Dropdown', 'New ', 3),
(7, 149, 'Radio Boxes', 'RadioBox', 1),
(8, 149, 'CheckBoxes', 'Football,\r\nVolyball', 2),
(9, 149, 'Second Radio', '\r\nFemale', 1),
(19, 152, 'First Text', 'JhonHassan ', 0),
(20, 152, 'FirstText Area', 'asd', 4),
(21, 152, 'Second Text Area', 'asd', 4),
(22, 152, 'Second DropDown', 'Male ', 3),
(23, 152, 'Second Test Field', 'zain@gmail.com', 0),
(24, 152, 'First Dropdown', '\nStarted ', 3),
(25, 152, 'Radio Boxes', 'RadioBox', 1),
(26, 152, 'CheckBoxes', '\r\nVolyball,\r\nHandball', 2),
(27, 152, 'Second Radio', '\r\nFemale', 1),
(28, 153, 'First Text', 'JhonHassan ', 0),
(29, 153, 'FirstText Area', 'asd', 4),
(30, 153, 'Second Text Area', 'asd', 4),
(31, 153, 'Second DropDown', 'Male ', 3),
(32, 153, 'Second Test Field', 'zain@gmail.com', 0),
(33, 153, 'First Dropdown', '\nStarted ', 3),
(34, 153, 'Radio Boxes', 'RadioBox', 1),
(35, 153, 'CheckBoxes', '\r\nVolyball,\r\nHandball', 2),
(36, 153, 'Second Radio', '\r\nFemale', 1),
(37, 154, 'First Text', 'JhonHassan ', 0),
(38, 154, 'FirstText Area', 'asd', 4),
(39, 154, 'Second Text Area', 'asd', 4),
(40, 154, 'Second DropDown', 'Male ', 3),
(41, 154, 'Second Test Field', 'zain@gmail.com', 0),
(42, 154, 'First Dropdown', '\nStarted ', 3),
(43, 154, 'Radio Boxes', 'RadioBox', 1),
(44, 154, 'CheckBoxes', '\r\nVolyball,\r\nHandball', 2),
(45, 154, 'Second Radio', '\r\nFemale', 1),
(46, 155, 'First Text', 'asdf', 0),
(47, 155, 'FirstText Area', 'adsfsf', 4),
(48, 155, 'Second Text Area', 'adf', 4),
(49, 155, 'Second DropDown', '\ntransgender ', 3),
(50, 155, 'Second Test Field', 'zain@gmail.com', 0),
(51, 155, 'First Dropdown', '\nAssigned ', 3),
(52, 155, 'Radio Boxes', 'RadioBox', 1),
(53, 155, 'CheckBoxes', 'Football,\r\nVolyball', 2),
(54, 155, 'Second Radio', '\r\nFemale', 1),
(55, 156, 'First Text', 'FahadHassan ', 0),
(56, 156, 'FirstText Area', 'asd', 4),
(57, 156, 'Second Text Area', 'afsd', 4),
(58, 156, 'Second DropDown', '\nothers ', 3),
(59, 156, 'Second Test Field', 'zain@gmail.com', 0),
(60, 156, 'First Dropdown', '\nAssigned ', 3),
(61, 156, 'Radio Boxes', '\r\nMyBox', 1),
(62, 156, 'CheckBoxes', '\r\nVolyball,\r\nHandball', 2),
(63, 156, 'Second Radio', '\r\nFemale', 1),
(64, 157, 'First Text', 'FahadHassan ', 0),
(65, 157, 'FirstText Area', 'asd', 4),
(66, 157, 'Second Text Area', 'afsd', 4),
(67, 157, 'Second DropDown', '\nothers ', 3),
(68, 157, 'Second Test Field', 'zain@gmail.com', 0),
(69, 157, 'First Dropdown', '\nAssigned ', 3),
(70, 157, 'Radio Boxes', '\r\nMyBox', 1),
(71, 157, 'CheckBoxes', '\r\nVolyball,\r\nHandball', 2),
(72, 157, 'Second Radio', '\r\nFemale', 1),
(73, 158, 'First Text', 'FahadHassan ', 0),
(74, 158, 'FirstText Area', 'asd', 4),
(75, 158, 'Second Text Area', 'afsd', 4),
(76, 158, 'Second DropDown', '\nothers ', 3),
(77, 158, 'Second Test Field', 'zain@gmail.com', 0),
(78, 158, 'First Dropdown', '\nAssigned ', 3),
(79, 158, 'Radio Boxes', '\r\nMyBox', 1),
(80, 158, 'CheckBoxes', '\r\nVolyball,\r\nHandball', 2),
(81, 158, 'Second Radio', '\r\nFemale', 1),
(82, 159, 'First Text', 'sfsadf', 0),
(83, 159, 'FirstText Area', 'sadfs', 4),
(84, 159, 'Second Text Area', 'dsaf', 4),
(85, 159, 'Second DropDown', '\nShemale ', 3),
(86, 159, 'Second Test Field', 'admin', 0),
(87, 159, 'First Dropdown', '\nStarted ', 3),
(88, 159, 'Radio Boxes', '\r\nYourBox', 1),
(89, 159, 'CheckBoxes', '\r\nVolyball,\r\nHandball', 2),
(90, 159, 'Second Radio', '\r\nFemale', 1),
(91, 160, 'First Text', 'asfs', 0),
(92, 160, 'FirstText Area', 'asdfs', 4),
(93, 160, 'Second Text Area', 'adsfsad', 4),
(94, 160, 'Second DropDown', '\nShemale ', 3),
(95, 160, 'Second Test Field', 'admin', 0),
(96, 160, 'First Dropdown', '\nStarted ', 3),
(97, 160, 'Radio Boxes', '\r\nYourBox', 1),
(98, 160, 'CheckBoxes', '\r\nVolyball,\r\nHandball', 2),
(99, 160, 'Second Radio', 'Male', 1);

-- --------------------------------------------------------

--
-- Table structure for table `patient_files`
--

CREATE TABLE `patient_files` (
  `id` int(11) NOT NULL,
  `fkpatientid` int(11) NOT NULL,
  `name` varchar(255) NOT NULL,
  `contenttype` varchar(255) DEFAULT NULL,
  `size` varchar(255) NOT NULL,
  `dir_filename` varchar(255) NOT NULL,
  `dir_url` varchar(255) NOT NULL,
  `type` tinyint(4) NOT NULL COMMENT '0 For patient Files / 1 For Medical Record',
  `uploaded` timestamp NOT NULL DEFAULT current_timestamp(),
  `lock_file` int(11) NOT NULL,
  `lock_date` date NOT NULL,
  `upload_by` int(11) NOT NULL COMMENT '''0'' for doctor & ''1'' for patient',
  `delete_file` int(11) DEFAULT 0,
  `delete_date` date DEFAULT NULL
) ENGINE=InnoDB DEFAULT CHARSET=latin1;

--
-- Dumping data for table `patient_files`
--

INSERT INTO `patient_files` (`id`, `fkpatientid`, `name`, `contenttype`, `size`, `dir_filename`, `dir_url`, `type`, `uploaded`, `lock_file`, `lock_date`, `upload_by`, `delete_file`, `delete_date`) VALUES
(1, 42, '1 (3).jpg5564564', 'image/jpeg', '48.6', 'a35e27896635cebc7c6796be893dbc81.jpg', 'uploads/doctor/doctor_3c59dc048e8850243be8079a5c74d079/a1d0c6e83f027327d8461063f4ac58a6/a35e27896635cebc7c6796be893dbc81.jpg', 0, '2021-04-06 09:48:50', 0, '0000-00-00', 21, 1, '2021-04-08'),
(2, 42, '1 (8).jpg', 'image/jpeg', '145.22', '2827f99fd2b3b43b7e480bb7c470a960.jpg', 'uploads/doctor/doctor_3c59dc048e8850243be8079a5c74d079/a1d0c6e83f027327d8461063f4ac58a6/2827f99fd2b3b43b7e480bb7c470a960.jpg', 0, '2021-04-06 09:48:59', 0, '0000-00-00', 21, 0, NULL),
(3, 42, '1 (3).jpg', 'image/jpeg', '48.6', '6dc435a0d4906c171c323bad3001a5f1.jpg', 'uploads/doctor/doctor_3c59dc048e8850243be8079a5c74d079/a1d0c6e83f027327d8461063f4ac58a6/6dc435a0d4906c171c323bad3001a5f1.jpg', 0, '2021-04-06 09:49:15', 0, '0000-00-00', 21, 0, NULL),
(4, 42, '1 (3).jpg', 'image/jpeg', '48.6', 'c0fb732ed3473865dc97d6f6422f898a.jpg', 'uploads/doctor/doctor_3c59dc048e8850243be8079a5c74d079/a1d0c6e83f027327d8461063f4ac58a6/c0fb732ed3473865dc97d6f6422f898a.jpg', 0, '2021-04-06 09:51:11', 0, '0000-00-00', 21, 0, NULL),
(5, 42, '1 (2).jpg', 'image/jpeg', '20.62', 'aadd5699d96bb30172fd091ae61d264f.jpg', 'uploads/doctor/doctor_3c59dc048e8850243be8079a5c74d079/a1d0c6e83f027327d8461063f4ac58a6/aadd5699d96bb30172fd091ae61d264f.jpg', 0, '2021-04-06 10:07:04', 0, '0000-00-00', 21, 0, NULL),
(6, 42, '1 (8).jpg', 'image/jpeg', '145.22', '0bd0f439c2ddd7508e293abe6f769c4e.jpg', 'uploads/doctor/doctor_3c59dc048e8850243be8079a5c74d079/a1d0c6e83f027327d8461063f4ac58a6/0bd0f439c2ddd7508e293abe6f769c4e.jpg', 0, '2021-04-06 10:07:09', 0, '0000-00-00', 21, 0, NULL),
(7, 42, '1 (2).jpg', 'image/jpeg', '20.62', '7bcd8fe2b36ed75110d3501ca543ad28.jpg', 'uploads/doctor/doctor_3c59dc048e8850243be8079a5c74d079/a1d0c6e83f027327d8461063f4ac58a6/7bcd8fe2b36ed75110d3501ca543ad28.jpg', 0, '2021-04-06 10:12:27', 0, '0000-00-00', 21, 0, NULL),
(8, 42, '1 (2).jpg', 'image/jpeg', '20.62', '04b4f5fda8a1c8ec215206c8818db977.jpg', 'uploads/doctor/doctor_3c59dc048e8850243be8079a5c74d079/a1d0c6e83f027327d8461063f4ac58a6/04b4f5fda8a1c8ec215206c8818db977.jpg', 0, '2021-04-06 10:20:15', 0, '0000-00-00', 21, 0, NULL),
(9, 42, '1 (3).jpg', 'image/jpeg', '48.6', '6ebdd137b995cb943da81e85e48db6ba.jpg', 'uploads/doctor/doctor_3c59dc048e8850243be8079a5c74d079/a1d0c6e83f027327d8461063f4ac58a6/6ebdd137b995cb943da81e85e48db6ba.jpg', 0, '2021-04-06 10:20:15', 0, '0000-00-00', 21, 0, NULL),
(10, 42, '1 (4) sasasa asaji kas jias miuis sqadjisd .jpg', 'image/jpeg', '43.9', 'e3310745959d8f1d6ddf81147e2524c1.jpg', 'uploads/doctor/doctor_3c59dc048e8850243be8079a5c74d079/a1d0c6e83f027327d8461063f4ac58a6/e3310745959d8f1d6ddf81147e2524c1.jpg', 0, '2021-04-06 10:20:15', 0, '0000-00-00', 21, 1, '2021-04-07'),
(11, 42, '1 (9).jpg', 'image/jpeg', '56.49', '5352ebdc63fe1ab599309d84cebd776e.jpg', 'uploads/doctor/doctor_3c59dc048e8850243be8079a5c74d079/a1d0c6e83f027327d8461063f4ac58a6/5352ebdc63fe1ab599309d84cebd776e.jpg', 0, '2021-04-06 10:20:15', 0, '0000-00-00', 21, 0, NULL),
(12, 42, '1 (8).jpg', 'image/jpeg', '145.22', 'facef6b0b830521e783596debc7c1a1f.jpg', 'uploads/doctor/doctor_3c59dc048e8850243be8079a5c74d079/a1d0c6e83f027327d8461063f4ac58a6/facef6b0b830521e783596debc7c1a1f.jpg', 0, '2021-04-06 10:27:40', 0, '0000-00-00', 21, 0, NULL),
(13, 42, '1 (8).jpg', 'image/jpeg', '145.22', 'b1ed0dd11e44b8f2cb85df37f388ef43.jpg', 'uploads/doctor/doctor_3c59dc048e8850243be8079a5c74d079/a1d0c6e83f027327d8461063f4ac58a6/b1ed0dd11e44b8f2cb85df37f388ef43.jpg', 0, '2021-04-06 10:32:22', 0, '0000-00-00', 21, 0, NULL),
(14, 42, '1 (2).jpg', 'image/jpeg', '20.62', 'be6db1945f72ff4cb2d1d267b06d4f17.jpg', 'uploads/doctor/doctor_3c59dc048e8850243be8079a5c74d079/a1d0c6e83f027327d8461063f4ac58a6/be6db1945f72ff4cb2d1d267b06d4f17.jpg', 0, '2021-04-06 10:36:33', 0, '0000-00-00', 21, 0, NULL),
(15, 42, '1 (2).jpg', 'image/jpeg', '20.62', 'ec61d33460855d203c2f622a8f31bc8b.jpg', 'uploads/doctor/doctor_3c59dc048e8850243be8079a5c74d079/a1d0c6e83f027327d8461063f4ac58a6/ec61d33460855d203c2f622a8f31bc8b.jpg', 0, '2021-04-06 10:50:58', 0, '0000-00-00', 21, 0, NULL),
(16, 42, '1 (2).jpg', 'image/jpeg', '20.62', 'c9159a9ce0bfb0cc4e949ab69a48a7e2.jpg', 'uploads/doctor/doctor_3c59dc048e8850243be8079a5c74d079/a1d0c6e83f027327d8461063f4ac58a6/c9159a9ce0bfb0cc4e949ab69a48a7e2.jpg', 0, '2021-04-06 10:55:29', 0, '0000-00-00', 21, 0, NULL),
(17, 42, '1 (2).jpg', 'image/jpeg', '20.62', 'd3210087c1e273816914cc23be87e8fd.jpg', 'uploads/doctor/doctor_3c59dc048e8850243be8079a5c74d079/a1d0c6e83f027327d8461063f4ac58a6/d3210087c1e273816914cc23be87e8fd.jpg', 0, '2021-04-06 10:57:03', 0, '0000-00-00', 21, 0, NULL),
(18, 42, 'second.xlsx', 'application/vnd.openxmlformats-officedocument.spreadsheetml.sheet', '8.71', '4c08ece5a12f9ea308df96961d92dc8a.xlsx', 'uploads/doctor/doctor_3c59dc048e8850243be8079a5c74d079/a1d0c6e83f027327d8461063f4ac58a6/4c08ece5a12f9ea308df96961d92dc8a.xlsx', 0, '2021-04-06 10:58:13', 0, '0000-00-00', 21, 0, NULL),
(19, 42, 'test 123.docx', 'application/vnd.openxmlformats-officedocument.wordprocessingml.document', '11.57', 'ec3287d82e5932ae08d9ac267952ba49.docx', 'uploads/doctor/doctor_3c59dc048e8850243be8079a5c74d079/a1d0c6e83f027327d8461063f4ac58a6/ec3287d82e5932ae08d9ac267952ba49.docx', 0, '2021-04-06 11:08:28', 0, '0000-00-00', 21, 0, NULL),
(20, 42, '1 (2).jpg', 'image/jpeg', '20.62', 'aff0d2266620e1f3fc7dd8ff6b274007.jpg', 'uploads/doctor/doctor_3c59dc048e8850243be8079a5c74d079/a1d0c6e83f027327d8461063f4ac58a6/aff0d2266620e1f3fc7dd8ff6b274007.jpg', 0, '2021-04-06 11:08:42', 0, '0000-00-00', 21, 0, NULL),
(21, 42, '1 (3).jpg', 'image/jpeg', '48.6', '8d6730e1d6266eea8881d604aca28651.jpg', 'uploads/doctor/doctor_3c59dc048e8850243be8079a5c74d079/a1d0c6e83f027327d8461063f4ac58a6/8d6730e1d6266eea8881d604aca28651.jpg', 0, '2021-04-06 11:08:42', 0, '0000-00-00', 21, 0, NULL),
(22, 42, '1 (4) sasasa asaji kas jias miuis sqadjisd .jpg', 'image/jpeg', '43.9', '0ce82de6f5d8fe653770f940728c1ed4.jpg', 'uploads/doctor/doctor_3c59dc048e8850243be8079a5c74d079/a1d0c6e83f027327d8461063f4ac58a6/0ce82de6f5d8fe653770f940728c1ed4.jpg', 0, '2021-04-06 11:08:42', 0, '0000-00-00', 21, 0, NULL),
(23, 42, '1 (7).jpg', 'image/jpeg', '23.84', '4d0cfacfd686d5f0919e1271c1379231.jpg', 'uploads/doctor/doctor_3c59dc048e8850243be8079a5c74d079/a1d0c6e83f027327d8461063f4ac58a6/4d0cfacfd686d5f0919e1271c1379231.jpg', 0, '2021-04-06 11:08:42', 0, '0000-00-00', 21, 0, NULL),
(24, 42, '1 (8).jpg', 'image/jpeg', '145.22', 'c033e30c088581fca459e71755e2aebe.jpg', 'uploads/doctor/doctor_3c59dc048e8850243be8079a5c74d079/a1d0c6e83f027327d8461063f4ac58a6/c033e30c088581fca459e71755e2aebe.jpg', 0, '2021-04-06 11:08:42', 0, '0000-00-00', 21, 0, NULL),
(25, 42, '1 (9).jpg', 'image/jpeg', '56.49', '05524b69eb4f8d19efce2c787d1b2f82.jpg', 'uploads/doctor/doctor_3c59dc048e8850243be8079a5c74d079/a1d0c6e83f027327d8461063f4ac58a6/05524b69eb4f8d19efce2c787d1b2f82.jpg', 0, '2021-04-06 11:08:42', 0, '0000-00-00', 21, 0, NULL),
(26, 42, 'Hasan_1.jpg', 'image/jpeg', '504.55', '5ac8d74b390a4d8324d57d40fc79f865.jpg', 'uploads/doctor/doctor_3c59dc048e8850243be8079a5c74d079/a1d0c6e83f027327d8461063f4ac58a6/5ac8d74b390a4d8324d57d40fc79f865.jpg', 0, '2021-04-06 11:41:53', 0, '0000-00-00', 21, 0, NULL),
(27, 42, 'Hasan_2.jpg', 'image/jpeg', '431.54', 'be0ad0ee9b914f1dd0f4894c0086de67.jpg', 'uploads/doctor/doctor_3c59dc048e8850243be8079a5c74d079/a1d0c6e83f027327d8461063f4ac58a6/be0ad0ee9b914f1dd0f4894c0086de67.jpg', 0, '2021-04-06 11:42:00', 0, '0000-00-00', 21, 1, '2021-04-07'),
(28, 42, 'Hasan_2.jpg', 'image/jpeg', '431.54', '5eaa9b9080c8f9c76e27e0082ebb520a.jpg', 'uploads/doctor/doctor_3c59dc048e8850243be8079a5c74d079/a1d0c6e83f027327d8461063f4ac58a6/5eaa9b9080c8f9c76e27e0082ebb520a.jpg', 0, '2021-04-06 11:42:26', 0, '0000-00-00', 21, 1, '2021-04-07'),
(29, 42, '1 (33).jpg', 'image/jpeg', '32.41', 'ba71917b29a02edf2173fe121738679c.jpg', 'uploads/doctor/doctor_3c59dc048e8850243be8079a5c74d079/a1d0c6e83f027327d8461063f4ac58a6/ba71917b29a02edf2173fe121738679c.jpg', 0, '2021-04-06 13:23:04', 0, '0000-00-00', 21, 0, NULL),
(30, 42, '1 (2).jpg', 'image/jpeg', '20.62', 'e3ab1dac4de879b380da385de5c5c746.jpg', 'uploads/doctor/doctor_3c59dc048e8850243be8079a5c74d079/a1d0c6e83f027327d8461063f4ac58a6/e3ab1dac4de879b380da385de5c5c746.jpg', 0, '2021-04-06 13:28:49', 0, '0000-00-00', 21, 0, NULL),
(31, 42, '1 (2).jpg', 'image/jpeg', '20.62', 'b7be429104572e0b4d805c0b147cc959.jpg', 'uploads/doctor/doctor_3c59dc048e8850243be8079a5c74d079/a1d0c6e83f027327d8461063f4ac58a6/b7be429104572e0b4d805c0b147cc959.jpg', 0, '2021-04-06 13:29:18', 0, '0000-00-00', 21, 0, NULL),
(32, 42, '1 (2).jpg', 'image/jpeg', '20.62', 'de42c76833b6453ea9eab1d611716f5e.jpg', 'uploads/doctor/doctor_3c59dc048e8850243be8079a5c74d079/a1d0c6e83f027327d8461063f4ac58a6/de42c76833b6453ea9eab1d611716f5e.jpg', 0, '2021-04-06 13:30:03', 0, '0000-00-00', 21, 1, '2021-04-08'),
(33, 42, '1 (3).jpg', 'image/jpeg', '48.6', '93816e096b3459bc7fea9b4e5bd7461f.jpg', 'uploads/doctor/doctor_3c59dc048e8850243be8079a5c74d079/a1d0c6e83f027327d8461063f4ac58a6/93816e096b3459bc7fea9b4e5bd7461f.jpg', 0, '2021-04-06 13:30:37', 0, '0000-00-00', 21, 1, '2021-04-08'),
(34, 42, '1 (9).jpg', 'image/jpeg', '56.49', '6981061c7aaa587dbe354645d9419138.jpg', 'uploads/doctor/doctor_3c59dc048e8850243be8079a5c74d079/a1d0c6e83f027327d8461063f4ac58a6/6981061c7aaa587dbe354645d9419138.jpg', 0, '2021-04-06 13:33:25', 0, '0000-00-00', 21, 1, '2021-04-07'),
(35, 42, '1 (4) sasasa asaji kas jias miuis sqadjisd .jpg', 'image/jpeg', '43.9', '70d280813fe4ce60b07503afcfc7ed32.jpg', 'uploads/doctor/doctor_3c59dc048e8850243be8079a5c74d079/a1d0c6e83f027327d8461063f4ac58a6/70d280813fe4ce60b07503afcfc7ed32.jpg', 0, '2021-04-06 13:33:48', 0, '0000-00-00', 21, 1, '2021-04-07'),
(36, 42, '1 (4) sasasa asaji kas jias miuis sqadjisd .jpg', 'image/jpeg', '43.9', 'fab2141207ac8aebfdbedf86df607d84.jpg', 'uploads/doctor/doctor_3c59dc048e8850243be8079a5c74d079/a1d0c6e83f027327d8461063f4ac58a6/fab2141207ac8aebfdbedf86df607d84.jpg', 0, '2021-04-06 13:51:42', 0, '0000-00-00', 21, 1, '2021-04-07'),
(37, 42, '1 (2).jpg', 'image/jpeg', '20.62', '97e4872b0655d42546d49d8cf415b6c3.jpg', 'uploads/doctor/doctor_3c59dc048e8850243be8079a5c74d079/a1d0c6e83f027327d8461063f4ac58a6/97e4872b0655d42546d49d8cf415b6c3.jpg', 0, '2021-04-06 13:52:03', 0, '0000-00-00', 21, 1, '2021-04-07'),
(38, 42, '1 (4) lal alkjl  akul liohl  p .jpg', 'image/jpeg', '43.9', '7677ec2c006b830211367de6bea0c7d9.jpg', 'uploads/doctor/doctor_3c59dc048e8850243be8079a5c74d079/a1d0c6e83f027327d8461063f4ac58a6/7677ec2c006b830211367de6bea0c7d9.jpg', 0, '2021-04-06 13:52:07', 0, '0000-00-00', 21, 1, '2021-04-07'),
(39, 42, 'Hasan_2 ABCD', 'image/jpeg', '431.54', 'b3551922d3d9dcf9d9ac38fd7461ac8a.jpg', 'uploads/doctor/doctor_3c59dc048e8850243be8079a5c74d079/a1d0c6e83f027327d8461063f4ac58a6/b3551922d3d9dcf9d9ac38fd7461ac8a.jpg', 0, '2021-04-07 05:25:14', 0, '0000-00-00', 21, 1, '2021-04-07'),
(40, 42, '1 (4) sasasa asaji kas jias miuis sqadjisd .jpg', 'image/jpeg', '43.9', '8d4bff70ef49288a6e4a8e97a0040d67.jpg', 'uploads/doctor/doctor_3c59dc048e8850243be8079a5c74d079/a1d0c6e83f027327d8461063f4ac58a6/8d4bff70ef49288a6e4a8e97a0040d67.jpg', 0, '2021-04-08 05:50:17', 0, '0000-00-00', 21, 1, '2021-04-23'),
(41, 42, '1 (2).jpg', 'image/jpeg', '20.62', 'ea15a8cbd72428a423ef02b8d3cda6fc.jpg', 'uploads/doctor/doctor_3c59dc048e8850243be8079a5c74d079/a1d0c6e83f027327d8461063f4ac58a6/ea15a8cbd72428a423ef02b8d3cda6fc.jpg', 0, '2021-04-08 11:36:35', 0, '0000-00-00', 21, 1, '2021-05-03'),
(42, 42, '123(9).jpg', 'image/jpeg', '56.49', '0ce65de4742e8887d9d134756e61c734.jpg', 'uploads/doctor/doctor_3c59dc048e8850243be8079a5c74d079/a1d0c6e83f027327d8461063f4ac58a6/0ce65de4742e8887d9d134756e61c734.jpg', 0, '2021-04-08 11:37:05', 0, '0000-00-00', 21, 0, NULL),
(43, 42, '138732510749278_n.jpg', 'image/jpeg', '119.21', '904ce3fa179461c495dfe1301194017f.jpg', 'uploads/doctor/doctor_3c59dc048e8850243be8079a5c74d079/a1d0c6e83f027327d8461063f4ac58a6/904ce3fa179461c495dfe1301194017f.jpg', 0, '2021-04-20 06:46:58', 0, '0000-00-00', 21, 0, NULL),
(44, 42, '1 (2).jpg', 'image/jpeg', '20.62', '2204d75f90e74070a819485ac09b5612.jpg', 'uploads/doctor/doctor_3c59dc048e8850243be8079a5c74d079/a1d0c6e83f027327d8461063f4ac58a6/2204d75f90e74070a819485ac09b5612.jpg', 0, '2021-04-21 09:48:56', 0, '0000-00-00', 21, 0, NULL),
(45, 42, '1 (3).jpg', 'image/jpeg', '48.6', 'd1df9dfa6a9647b51711f797e7cda1d7.jpg', 'uploads/doctor/doctor_3c59dc048e8850243be8079a5c74d079/a1d0c6e83f027327d8461063f4ac58a6/d1df9dfa6a9647b51711f797e7cda1d7.jpg', 0, '2021-04-21 09:49:09', 0, '0000-00-00', 21, 1, '2021-05-03'),
(46, 42, 'HandWritingSample (1).jpg', 'image/jpeg', '87.58', '88e9cceab97273805d1e2f59dc9cd5ce.jpg', 'uploads/doctor/doctor_3c59dc048e8850243be8079a5c74d079/a1d0c6e83f027327d8461063f4ac58a6/88e9cceab97273805d1e2f59dc9cd5ce.jpg', 0, '2021-04-21 10:31:50', 0, '0000-00-00', 21, 1, '2021-05-03'),
(49, 160, '16.jpg', 'image/jpeg', '169.91', '28b1e1e6c6598e058606e3ec3dae5732.jpg', 'uploads/doctor/doctor_3c59dc048e8850243be8079a5c74d079/b73ce398c39f506af761d2277d853a92/28b1e1e6c6598e058606e3ec3dae5732.jpg', 0, '2021-07-02 06:26:30', 0, '0000-00-00', 21, 0, NULL),
(50, 160, '9.jpg', 'image/jpeg', '24.82', 'ae99a32f0f1b072fa0aa276d89752f0e.jpg', 'uploads/doctor/doctor_3c59dc048e8850243be8079a5c74d079/b73ce398c39f506af761d2277d853a92/ae99a32f0f1b072fa0aa276d89752f0e.jpg', 0, '2021-07-02 06:26:30', 0, '0000-00-00', 21, 0, NULL);

-- --------------------------------------------------------

--
-- Table structure for table `patient_notes`
--

CREATE TABLE `patient_notes` (
  `pk_noteID` int(11) NOT NULL,
  `fk_doctor_id` int(11) NOT NULL,
  `fk_patient_id` int(11) NOT NULL,
  `date_added` date NOT NULL,
  `note_description` varchar(255) NOT NULL
) ENGINE=MyISAM DEFAULT CHARSET=latin1;

--
-- Dumping data for table `patient_notes`
--

INSERT INTO `patient_notes` (`pk_noteID`, `fk_doctor_id`, `fk_patient_id`, `date_added`, `note_description`) VALUES
(8, 21, 42, '2021-05-03', 'This is a Third test of quick  note to add ?'),
(5, 21, 42, '2021-04-27', '  Your Lovely place?'),
(14, 21, 42, '2021-05-05', '      Hello world ?');

-- --------------------------------------------------------

--
-- Table structure for table `payment`
--

CREATE TABLE `payment` (
  `pk_payment_ID` int(11) NOT NULL,
  `fk_invoice_id` int(11) NOT NULL,
  `fk_patient_id` int(11) NOT NULL,
  `fk_doctor_id` int(11) NOT NULL,
  `date_created` date NOT NULL,
  `totalAmount` int(11) NOT NULL,
  `payment_mode` int(11) NOT NULL COMMENT '1 For Card | 2 For Cash | 3 For Check',
  `checknumber` varchar(255) DEFAULT NULL
) ENGINE=MyISAM DEFAULT CHARSET=latin1;

--
-- Dumping data for table `payment`
--

INSERT INTO `payment` (`pk_payment_ID`, `fk_invoice_id`, `fk_patient_id`, `fk_doctor_id`, `date_created`, `totalAmount`, `payment_mode`, `checknumber`) VALUES
(1, 32, 42, 21, '2021-05-05', -200, 3, '1234567'),
(3, 33, 67, 21, '2021-05-05', 5200, 2, ''),
(5, 31, 67, 21, '2021-05-05', 6700, 2, NULL),
(6, 34, 67, 21, '2021-05-05', 157400, 2, NULL),
(7, 19, 122, 21, '2021-05-05', 5200, 2, NULL),
(8, 27, 122, 21, '2021-05-05', 6200, 3, '123456'),
(9, 25, 42, 21, '2021-05-05', 5200, 1, ''),
(15, 39, 67, 21, '2021-05-06', 800, 0, ''),
(11, 28, 67, 21, '2021-05-06', 5200, 3, '123456'),
(12, 24, 67, 21, '2021-05-06', 5500, 1, ''),
(13, 20, 67, 21, '2021-05-06', 6200, 2, ''),
(14, 38, 67, 21, '2021-05-06', 5200, 3, '123456'),
(16, 40, 145, 21, '2021-07-09', 6200, 2, '');

-- --------------------------------------------------------

--
-- Table structure for table `quick_notes`
--

CREATE TABLE `quick_notes` (
  `pk_note_id` int(11) NOT NULL,
  `doctor_id` int(11) NOT NULL,
  `title` varchar(255) NOT NULL,
  `description` varchar(255) NOT NULL
) ENGINE=MyISAM DEFAULT CHARSET=latin1;

--
-- Dumping data for table `quick_notes`
--

INSERT INTO `quick_notes` (`pk_note_id`, `doctor_id`, `title`, `description`) VALUES
(1, 21, 'Hello Friends', 'This is my first test for Quick Note.'),
(2, 21, 'Testing world/', 'This is a second test of quick  note to add ?'),
(6, 21, 'Testing world/', 'trtr'),
(5, 21, 'Hello Dear ?', 'gljlk'),
(7, 21, 'Hello Dear ?', 'Hello world ?'),
(8, 21, 'Title ', 'Hello Dear !');

-- --------------------------------------------------------

--
-- Table structure for table `scheduler_notifications`
--

CREATE TABLE `scheduler_notifications` (
  `pkscheduler_id` int(11) NOT NULL,
  `fkdoctor_id` int(11) NOT NULL,
  `fkpatient_id` int(11) NOT NULL,
  `fkappointment_id` int(11) NOT NULL,
  `type` int(11) NOT NULL COMMENT '1 For email / 0 for SMS',
  `task` varchar(255) NOT NULL,
  `status` int(11) NOT NULL DEFAULT 0 COMMENT '0 For pending / 1 For sent',
  `send_to` int(11) NOT NULL COMMENT '0 For patient / 1 For doctor',
  `send_date` timestamp NOT NULL DEFAULT current_timestamp() ON UPDATE current_timestamp()
) ENGINE=InnoDB DEFAULT CHARSET=utf8mb4;

--
-- Dumping data for table `scheduler_notifications`
--

INSERT INTO `scheduler_notifications` (`pkscheduler_id`, `fkdoctor_id`, `fkpatient_id`, `fkappointment_id`, `type`, `task`, `status`, `send_to`, `send_date`) VALUES
(1, 21, 124, 1, 1, 'Now', 0, 0, '2021-02-12 13:04:20'),
(2, 21, 124, 1, 1, '24 Hour Prior', 0, 0, '2021-02-15 21:00:00'),
(5, 21, 124, 1, 1, 'Now', 0, 1, '2021-02-12 13:04:21'),
(6, 21, 124, 1, 1, '24 Hour Prior', 0, 1, '2021-02-15 21:00:00'),
(27, 21, 10, 4, 1, 'Now', 0, 0, '2021-02-24 06:35:56'),
(28, 21, 10, 4, 1, '24 Hour Prior', 0, 0, '2021-02-24 03:00:00'),
(29, 21, 10, 4, 1, '4 Hour Prior', 0, 0, '2021-02-24 23:00:00'),
(30, 21, 10, 4, 1, 'patient custom schedule', 0, 0, '2021-02-25 01:50:00'),
(31, 21, 10, 4, 0, 'Now', 0, 0, '2021-02-24 06:35:57'),
(32, 21, 10, 4, 0, '24 Hour Prior', 0, 0, '2021-02-24 03:00:00'),
(33, 21, 10, 4, 0, '4 Hour Prior', 0, 0, '2021-02-24 23:00:00'),
(34, 21, 10, 4, 0, 'patient custom schedule', 0, 0, '2021-02-25 01:50:00'),
(35, 21, 10, 4, 1, 'Now', 0, 1, '2021-02-24 06:35:57'),
(36, 21, 10, 4, 1, '24 Hour Prior', 0, 1, '2021-02-24 03:00:00'),
(37, 21, 10, 4, 1, '4 Hour Prior', 0, 1, '2021-02-24 23:00:00'),
(38, 21, 10, 4, 1, 'physician custom schedule', 0, 1, '2021-02-25 02:30:00'),
(39, 21, 10, 4, 0, 'Now', 0, 1, '2021-02-24 06:35:57'),
(40, 21, 10, 4, 0, '24 Hour Prior', 0, 1, '2021-02-24 03:00:00'),
(41, 21, 10, 4, 0, '4 Hour Prior', 0, 1, '2021-02-24 23:00:00'),
(42, 21, 10, 4, 0, 'physician custom schedule', 0, 1, '2021-02-25 02:30:00'),
(43, 21, 124, 1, 1, 'patient custom schedule', 0, 0, '2021-02-24 05:11:37'),
(44, 21, 124, 1, 0, 'patient custom schedule', 0, 0, '2021-02-24 05:11:37'),
(45, 21, 124, 1, 1, 'physician custom schedule', 0, 1, '2021-02-24 05:11:37'),
(46, 21, 124, 1, 0, 'physician custom schedule', 0, 1, '2021-02-24 05:11:37'),
(51, 21, 122, 9, 1, '24 Hour Prior', 0, 0, '2021-02-27 01:00:00'),
(52, 21, 122, 9, 0, '24 Hour Prior', 0, 1, '2021-02-27 01:00:00'),
(53, 21, 10, 10, 1, 'Now', 0, 0, '2021-02-25 05:41:51'),
(54, 21, 10, 10, 1, 'Now', 0, 1, '2021-02-25 05:41:51'),
(55, 21, 10, 11, 1, 'Now', 0, 0, '2021-02-25 05:45:33'),
(56, 21, 10, 11, 0, 'Now', 0, 1, '2021-02-25 05:45:33'),
(57, 21, 10, 13, 0, '4 Hour Prior', 0, 1, '2021-02-26 17:15:00'),
(58, 21, 10, 11, 0, '24 Hour Prior', 0, 0, '2021-02-24 23:00:00'),
(59, 21, 10, 11, 0, '4 Hour Prior', 0, 0, '2021-02-25 19:00:00'),
(60, 21, 10, 11, 1, '24 Hour Prior', 0, 1, '2021-02-24 23:00:00'),
(61, 21, 10, 11, 1, '4 Hour Prior', 0, 1, '2021-02-25 19:00:00'),
(66, 21, 122, 15, 1, 'Now', 0, 0, '2021-03-03 07:10:27'),
(67, 21, 122, 15, 1, 'patient custom schedule', 0, 0, '2021-03-05 19:45:00'),
(68, 21, 122, 15, 0, 'Now', 0, 0, '2021-03-03 07:10:27'),
(69, 21, 122, 15, 0, 'patient custom schedule', 0, 0, '2021-03-05 19:45:00'),
(70, 21, 122, 15, 1, 'Now', 0, 1, '2021-03-03 07:10:27'),
(71, 21, 122, 15, 1, '24 Hour Prior', 0, 1, '2021-03-04 21:15:00'),
(76, 21, 67, 22, 1, '24 Hour Prior', 0, 0, '2021-04-18 23:00:00'),
(77, 21, 67, 22, 1, '4 Hour Prior', 0, 0, '2021-04-19 19:00:00'),
(78, 21, 67, 22, 0, 'physician custom schedule', 0, 1, '2021-04-19 21:30:00'),
(79, 21, 67, 24, 1, 'Now', 0, 0, '2021-04-26 05:45:39'),
(80, 21, 67, 24, 1, '24 Hour Prior', 0, 0, '2021-04-28 00:35:00'),
(81, 21, 67, 24, 0, '4 Hour Prior', 0, 1, '2021-04-28 20:35:00'),
(82, 21, 67, 24, 0, 'physician custom schedule', 0, 1, '2021-04-28 23:05:00'),
(83, 21, 137, 25, 1, '24 Hour Prior', 0, 0, '2021-05-27 00:05:00'),
(84, 21, 137, 25, 1, '4 Hour Prior', 0, 0, '2021-05-27 20:05:00'),
(85, 21, 137, 25, 0, '4 Hour Prior', 0, 1, '2021-05-27 20:05:00'),
(86, 21, 137, 25, 0, 'physician custom schedule', 0, 1, '2021-05-27 21:35:00'),
(87, 21, 67, 26, 1, 'Now', 0, 0, '2021-05-27 09:25:55'),
(88, 21, 67, 26, 1, '24 Hour Prior', 0, 0, '2021-05-30 23:00:00'),
(89, 21, 67, 26, 0, '24 Hour Prior', 0, 1, '2021-05-30 23:00:00'),
(90, 21, 67, 26, 0, '4 Hour Prior', 0, 1, '2021-05-31 19:00:00'),
(91, 21, 67, 27, 1, 'Now', 0, 0, '2021-05-30 02:55:36'),
(92, 21, 67, 27, 0, 'Now', 0, 1, '2021-05-30 02:55:36'),
(93, 21, 139, 30, 0, 'Now', 0, 0, '2021-05-31 11:36:24'),
(94, 21, 139, 30, 0, 'Now', 0, 1, '2021-05-31 11:36:24'),
(95, 21, 139, 1, 1, 'Now', 0, 0, '2021-07-07 08:57:27'),
(96, 21, 139, 1, 1, '24 Hour Prior', 0, 0, '2021-07-14 22:45:00'),
(97, 21, 139, 1, 0, '4 Hour Prior', 0, 1, '2021-07-15 18:45:00'),
(98, 21, 139, 1, 0, 'physician custom schedule', 0, 1, '2021-07-15 20:55:00'),
(99, 21, 145, 2, 1, '4 Hour Prior', 0, 0, '2021-07-15 20:05:00'),
(100, 21, 145, 2, 0, '24 Hour Prior', 0, 1, '2021-07-15 00:05:00'),
(101, 21, 149, 3, 0, '24 Hour Prior', 0, 0, '2021-07-20 23:30:00'),
(102, 21, 149, 3, 0, '4 Hour Prior', 0, 0, '2021-07-21 19:30:00'),
(103, 21, 149, 3, 1, 'Now', 0, 1, '2021-07-07 12:00:09'),
(104, 21, 149, 3, 1, '24 Hour Prior', 0, 1, '2021-07-20 23:30:00');

-- --------------------------------------------------------

--
-- Table structure for table `services`
--

CREATE TABLE `services` (
  `pk_service_id` int(11) NOT NULL,
  `fk_category_id` int(11) NOT NULL,
  `title` varchar(255) NOT NULL,
  `price` int(255) NOT NULL,
  `info` varchar(400) NOT NULL,
  `color` varchar(255) NOT NULL,
  `doctor_id` int(11) NOT NULL
) ENGINE=MyISAM DEFAULT CHARSET=latin1;

--
-- Dumping data for table `services`
--

INSERT INTO `services` (`pk_service_id`, `fk_category_id`, `title`, `price`, `info`, `color`, `doctor_id`) VALUES
(25, 8, 'Test', 1000, '', '#000000', 21),
(26, 7, 'Test 2', 1000, 'Hello world ? ', '#000000', 21),
(17, 8, 'Test', 1000, 'Testing ?', '#b25353', 21),
(18, 22, 'Test 3', 5200, 'Hello world !', '#f31616', 21),
(24, 7, 'Test', 1000, 'Hello', '#000000', 21);

-- --------------------------------------------------------

--
-- Table structure for table `set_holiday`
--

CREATE TABLE `set_holiday` (
  `pkid` int(11) NOT NULL,
  `doctor_id` int(11) NOT NULL,
  `repeat_year` int(11) NOT NULL DEFAULT 0 COMMENT '1 for repeat / 0 for not',
  `holiday_date` date NOT NULL
) ENGINE=MyISAM DEFAULT CHARSET=latin1;

--
-- Dumping data for table `set_holiday`
--

INSERT INTO `set_holiday` (`pkid`, `doctor_id`, `repeat_year`, `holiday_date`) VALUES
(2, 21, 0, '2021-01-01'),
(3, 21, 0, '2021-01-02'),
(4, 21, 1, '2021-01-03'),
(27, 21, 1, '2021-02-26'),
(6, 21, 0, '2021-02-03'),
(7, 21, 0, '2021-02-05'),
(8, 21, 0, '2021-02-12'),
(9, 21, 0, '2021-01-15'),
(10, 21, 1, '2021-01-16'),
(11, 21, 1, '2021-01-17'),
(14, 21, 0, '2021-02-23'),
(15, 21, 0, '2021-05-20'),
(16, 21, 1, '2026-01-21'),
(17, 21, 1, '2026-02-14'),
(18, 21, 1, '2026-02-24'),
(19, 21, 0, '2026-03-11'),
(20, 21, 0, '2028-05-11'),
(21, 21, 0, '2028-04-19'),
(22, 21, 1, '2029-04-12'),
(23, 21, 1, '2021-04-24'),
(28, 21, 1, '2021-02-02'),
(30, 21, 0, '2022-02-02'),
(32, 21, 1, '2021-01-05'),
(33, 21, 1, '2021-05-10'),
(34, 21, 1, '2021-03-12'),
(36, 21, 1, '2021-06-02'),
(37, 21, 0, '2021-06-03');

-- --------------------------------------------------------

--
-- Table structure for table `staff`
--

CREATE TABLE `staff` (
  `id` int(10) UNSIGNED NOT NULL COMMENT 'user_id',
  `name` varchar(255) NOT NULL,
  `user_phone` varchar(255) NOT NULL,
  `user_email` varchar(255) NOT NULL,
  `user_date` datetime NOT NULL,
  `user_banned` tinyint(1) NOT NULL DEFAULT 0,
  `user_delete` int(255) NOT NULL
) ENGINE=InnoDB DEFAULT CHARSET=utf8;

--
-- Dumping data for table `staff`
--

INSERT INTO `staff` (`id`, `name`, `user_phone`, `user_email`, `user_date`, `user_banned`, `user_delete`) VALUES
(1, 'Main Admin', '123', 'admin@gmail.com', '2019-01-26 03:06:24', 0, 0),
(2, 'Dr Waseem Shah', '03339531702', 'sayedwaseem@gmail.com', '2019-01-26 03:06:24', 0, 0),
(23, 'Brain tag SOlution', '03339531702', 'p144@gmail.com', '2019-01-26 03:06:24', 0, 0),
(24, 'Brain tag SOlution1', '03339531702', 'p144@gmail.com', '2019-01-26 03:06:24', 0, 0),
(25, 'Ray', '+1956585585', 'ray@gmail.com', '2019-04-27 10:40:02', 0, 0);

-- --------------------------------------------------------

--
-- Table structure for table `time_slots`
--

CREATE TABLE `time_slots` (
  `pkslotid` int(255) NOT NULL,
  `doctor_id` int(255) NOT NULL,
  `title` varchar(255) NOT NULL,
  `start_time` time NOT NULL,
  `end_time` time NOT NULL,
  `no_space` int(11) NOT NULL,
  `app_type` int(11) NOT NULL COMMENT '1 => bulk, 0 => single',
  `day_type` int(11) NOT NULL COMMENT '-1 =>by_ day, 1-7=>by_week',
  `manage_type` int(11) NOT NULL COMMENT '1 => by_day,0 => by week',
  `month_date` date NOT NULL
) ENGINE=MyISAM DEFAULT CHARSET=latin1;

--
-- Dumping data for table `time_slots`
--

INSERT INTO `time_slots` (`pkslotid`, `doctor_id`, `title`, `start_time`, `end_time`, `no_space`, `app_type`, `day_type`, `manage_type`, `month_date`) VALUES
(256, 21, 'Test 3', '06:30:00', '07:15:00', 2, 1, 3, 0, '0000-00-00'),
(255, 21, 'Test 3', '05:30:00', '06:15:00', 2, 1, 3, 0, '0000-00-00'),
(263, 21, '', '00:00:00', '00:00:00', 1, 0, 4, 0, '0000-00-00'),
(191, 21, 'Test', '04:00:00', '04:30:00', 1, 1, 2, 0, '0000-00-00'),
(192, 21, 'Test', '04:30:00', '05:00:00', 1, 1, 2, 0, '0000-00-00'),
(252, 21, 'Test', '05:35:00', '06:35:00', 1, 1, 4, 0, '0000-00-00'),
(251, 21, 'Test', '04:30:00', '05:30:00', 1, 1, 4, 0, '0000-00-00'),
(158, 21, 'Test', '04:00:00', '05:00:00', 2, 1, -1, 1, '2021-03-29'),
(179, 21, 'Test 2', '06:40:00', '07:25:00', 3, 1, -1, 1, '2021-03-31'),
(178, 21, 'Test 2', '06:40:00', '07:25:00', 3, 1, -1, 1, '2021-03-30'),
(177, 21, 'Test 2', '05:45:00', '06:30:00', 3, 1, -1, 1, '2021-03-31'),
(176, 21, 'Test 2', '05:45:00', '06:30:00', 3, 1, -1, 1, '2021-03-30'),
(175, 21, 'Test 2', '04:50:00', '05:35:00', 3, 1, -1, 1, '2021-03-31'),
(174, 21, 'Test 2', '04:50:00', '05:35:00', 3, 1, -1, 1, '2021-03-30'),
(173, 21, 'Test 2', '03:55:00', '04:40:00', 3, 1, -1, 1, '2021-03-31'),
(172, 21, 'Test 2', '03:55:00', '04:40:00', 3, 1, -1, 1, '2021-03-30'),
(171, 21, 'Test 2', '03:00:00', '03:45:00', 3, 1, -1, 1, '2021-03-31'),
(170, 21, 'Test 2', '03:00:00', '03:45:00', 3, 1, -1, 1, '2021-03-30'),
(157, 21, 'Test', '03:00:00', '04:00:00', 2, 1, -1, 1, '2021-03-29'),
(156, 21, 'Test', '02:00:00', '03:00:00', 2, 1, -1, 1, '2021-03-29'),
(155, 21, 'Test', '01:00:00', '02:00:00', 2, 1, -1, 1, '2021-03-29'),
(154, 21, 'Test', '00:00:00', '01:00:00', 2, 1, -1, 1, '2021-03-29'),
(260, 21, 'Test Edit', '06:25:00', '07:25:00', 1, 1, 5, 0, '0000-00-00'),
(259, 21, 'Test Edit', '05:05:00', '06:05:00', 1, 1, 5, 0, '0000-00-00'),
(258, 21, 'Test Edit', '03:45:00', '04:45:00', 1, 1, 5, 0, '0000-00-00'),
(253, 21, 'Test', '06:40:00', '07:40:00', 1, 1, 4, 0, '0000-00-00'),
(261, 21, 'Test Edit', '07:45:00', '08:45:00', 1, 1, 5, 0, '0000-00-00'),
(262, 21, 'Test Edit', '09:05:00', '10:05:00', 1, 1, 5, 0, '0000-00-00');

-- --------------------------------------------------------

--
-- Table structure for table `widgets`
--

CREATE TABLE `widgets` (
  `pk_widget_id` int(11) NOT NULL,
  `doctor_id` int(11) NOT NULL,
  `title` varchar(255) NOT NULL,
  `steps` varchar(400) NOT NULL
) ENGINE=InnoDB DEFAULT CHARSET=utf8mb4;

--
-- Dumping data for table `widgets`
--

INSERT INTO `widgets` (`pk_widget_id`, `doctor_id`, `title`, `steps`) VALUES
(37, 21, 'Details Widget', '[\"Details\"]'),
(38, 21, 'Details + Appointment Widget', '[\"Details\",\"Appointment\"]');

-- --------------------------------------------------------

--
-- Table structure for table `widget_meta`
--

CREATE TABLE `widget_meta` (
  `ID` int(11) NOT NULL,
  `doctor_id` int(3) NOT NULL,
  `fk_widget_id` int(3) NOT NULL,
  `key` varchar(255) NOT NULL,
  `value` text NOT NULL
) ENGINE=InnoDB DEFAULT CHARSET=utf8mb4;

--
-- Dumping data for table `widget_meta`
--

INSERT INTO `widget_meta` (`ID`, `doctor_id`, `fk_widget_id`, `key`, `value`) VALUES
(1476, 21, 37, 'patient_address', '1'),
(1477, 21, 37, 'social_security', '1'),
(1478, 21, 37, 'social_security_numbers', '1'),
(1479, 21, 37, 'date_of_birth', '1'),
(1480, 21, 37, 'notify_by', '1'),
(1481, 21, 37, 'patient_type', '1'),
(1482, 21, 37, 'height', '1'),
(1483, 21, 37, 'weight', '1'),
(1484, 21, 37, 'driving_license', '1'),
(1485, 21, 37, 'payment_additionalText', '1'),
(1486, 21, 37, 'page_title', ''),
(1487, 21, 37, 'page_description', ''),
(1488, 21, 37, 'upload_medical_record', '1'),
(1489, 21, 37, 'field_required', '1'),
(1490, 21, 37, 'add_text_medical_record', ''),
(1491, 21, 37, 'patient_id_card', '1'),
(1492, 21, 37, 'required_field_id', '1'),
(1493, 21, 37, 'add_text_id_card', ''),
(1494, 21, 37, 'patient_photo', '1'),
(1495, 21, 37, 'patient_photo_required', '1'),
(1496, 21, 37, 'add_text_patient_photo', ''),
(1497, 21, 37, 'patient_proof_residency', '1'),
(1498, 21, 37, 'patient_proof_required', '1'),
(1499, 21, 37, 'add_text_proof_residency', ''),
(1500, 21, 37, 'custom_question_option', '1'),
(1501, 21, 37, 'custom_form_title', 'Additional Information'),
(1502, 21, 37, 'custom_question_str', '[\"a:5:{s:5:\\\"title\\\";s:25:\\\"This is First Testing FAQ\\\";s:19:\\\"recommendation_type\\\";s:1:\\\"0\\\";s:8:\\\"required\\\";s:1:\\\"0\\\";s:11:\\\"order_input\\\";s:1:\\\"0\\\";s:7:\\\"options\\\";s:0:\\\"\\\";}\",\"a:5:{s:5:\\\"title\\\";s:26:\\\"This is Second Testing FAQ\\\";s:19:\\\"recommendation_type\\\";s:1:\\\"4\\\";s:8:\\\"required\\\";s:1:\\\"1\\\";s:11:\\\"order_input\\\";s:1:\\\"1\\\";s:7:\\\"options\\\";s:0:\\\"\\\";}\"]'),
(2124, 21, 38, 'patient_address', '0'),
(2125, 21, 38, 'social_security', '1'),
(2126, 21, 38, 'social_security_numbers', '0'),
(2127, 21, 38, 'date_of_birth', '0'),
(2128, 21, 38, 'notify_by', '1'),
(2129, 21, 38, 'patient_type', '0'),
(2130, 21, 38, 'height', '0'),
(2131, 21, 38, 'weight', '1'),
(2132, 21, 38, 'driving_license', '0'),
(2133, 21, 38, 'payment_additionalText', '1'),
(2134, 21, 38, 'page_title', 'Hello Page'),
(2135, 21, 38, 'page_description', 'Page Description !'),
(2136, 21, 38, 'upload_medical_record', '0'),
(2137, 21, 38, 'field_required', '1'),
(2138, 21, 38, 'add_text_medical_record', 'This is a Simple Text !'),
(2139, 21, 38, 'patient_id_card', '0'),
(2140, 21, 38, 'required_field_id', '1'),
(2141, 21, 38, 'add_text_id_card', 'This is a Simple Text !'),
(2142, 21, 38, 'patient_photo', '0'),
(2143, 21, 38, 'patient_photo_required', '1'),
(2144, 21, 38, 'add_text_patient_photo', 'This is a Simple Text !'),
(2145, 21, 38, 'patient_proof_residency', '0'),
(2146, 21, 38, 'patient_proof_required', '1'),
(2147, 21, 38, 'add_text_proof_residency', 'This is a Simple Text !'),
(2148, 21, 38, 'custom_question_option', '0'),
(2149, 21, 38, 'custom_form_title', 'Additional Information'),
(2150, 21, 38, 'custom_question_str', '[\"a:5:{s:5:\\\"title\\\";s:10:\\\"First Text\\\";s:19:\\\"recommendation_type\\\";s:1:\\\"0\\\";s:8:\\\"required\\\";s:1:\\\"1\\\";s:11:\\\"order_input\\\";s:1:\\\"0\\\";s:7:\\\"options\\\";s:0:\\\"\\\";}\",\"a:5:{s:5:\\\"title\\\";s:14:\\\"FirstText Area\\\";s:19:\\\"recommendation_type\\\";s:1:\\\"4\\\";s:8:\\\"required\\\";s:1:\\\"1\\\";s:11:\\\"order_input\\\";s:1:\\\"1\\\";s:7:\\\"options\\\";s:0:\\\"\\\";}\",\"a:5:{s:5:\\\"title\\\";s:16:\\\"Second Text Area\\\";s:19:\\\"recommendation_type\\\";s:1:\\\"4\\\";s:8:\\\"required\\\";s:1:\\\"1\\\";s:11:\\\"order_input\\\";s:1:\\\"2\\\";s:7:\\\"options\\\";s:0:\\\"\\\";}\",\"a:5:{s:5:\\\"title\\\";s:15:\\\"Second DropDown\\\";s:19:\\\"recommendation_type\\\";s:1:\\\"3\\\";s:8:\\\"required\\\";s:1:\\\"1\\\";s:11:\\\"order_input\\\";s:1:\\\"3\\\";s:7:\\\"options\\\";s:46:\\\"Male \\r\\nFemale \\r\\nShemale \\r\\ntransgender \\r\\nothers\\\";}\",\"a:5:{s:5:\\\"title\\\";s:17:\\\"Second Test Field\\\";s:19:\\\"recommendation_type\\\";s:1:\\\"0\\\";s:8:\\\"required\\\";s:1:\\\"1\\\";s:11:\\\"order_input\\\";s:1:\\\"4\\\";s:7:\\\"options\\\";s:0:\\\"\\\";}\",\"a:5:{s:5:\\\"title\\\";s:14:\\\"First Dropdown\\\";s:19:\\\"recommendation_type\\\";s:1:\\\"3\\\";s:8:\\\"required\\\";s:1:\\\"1\\\";s:11:\\\"order_input\\\";s:1:\\\"5\\\";s:7:\\\"options\\\";s:48:\\\"New \\r\\nAssigned \\r\\nStarted \\r\\nCompleted \\r\\nCancelled\\\";}\",\"a:5:{s:5:\\\"title\\\";s:11:\\\"Radio Boxes\\\";s:19:\\\"recommendation_type\\\";s:1:\\\"1\\\";s:8:\\\"required\\\";s:1:\\\"1\\\";s:11:\\\"order_input\\\";s:1:\\\"6\\\";s:7:\\\"options\\\";s:26:\\\"RadioBox \\r\\nYourBox \\r\\nMyBox\\\";}\",\"a:5:{s:5:\\\"title\\\";s:10:\\\"CheckBoxes\\\";s:19:\\\"recommendation_type\\\";s:1:\\\"2\\\";s:8:\\\"required\\\";s:1:\\\"1\\\";s:11:\\\"order_input\\\";s:1:\\\"7\\\";s:7:\\\"options\\\";s:30:\\\"Football \\r\\nVolyball \\r\\nHandball\\\";}\",\"a:5:{s:5:\\\"title\\\";s:12:\\\"Second Radio\\\";s:19:\\\"recommendation_type\\\";s:1:\\\"1\\\";s:8:\\\"required\\\";s:1:\\\"1\\\";s:11:\\\"order_input\\\";s:1:\\\"8\\\";s:7:\\\"options\\\";s:22:\\\"Male \\r\\nFemale \\r\\nOthers\\\";}\"]');

--
-- Indexes for dumped tables
--

--
-- Indexes for table `admin`
--
ALTER TABLE `admin`
  ADD PRIMARY KEY (`admin_user_id`),
  ADD UNIQUE KEY `user_name` (`admin_user_name`);

--
-- Indexes for table `appointment`
--
ALTER TABLE `appointment`
  ADD PRIMARY KEY (`pk_appointment_id`);

--
-- Indexes for table `app_category`
--
ALTER TABLE `app_category`
  ADD PRIMARY KEY (`pk_app_categoryid`);

--
-- Indexes for table `ci_sessions`
--
ALTER TABLE `ci_sessions`
  ADD PRIMARY KEY (`id`),
  ADD KEY `ci_sessions_timestamp` (`timestamp`);

--
-- Indexes for table `clinic`
--
ALTER TABLE `clinic`
  ADD PRIMARY KEY (`clinic_user_id`),
  ADD UNIQUE KEY `user_name` (`clinic_name`),
  ADD KEY `clinic_name_2` (`clinic_name`);
ALTER TABLE `clinic` ADD FULLTEXT KEY `clinic_name` (`clinic_name`);

--
-- Indexes for table `customers`
--
ALTER TABLE `customers`
  ADD PRIMARY KEY (`id`);

--
-- Indexes for table `custom_email_sms`
--
ALTER TABLE `custom_email_sms`
  ADD PRIMARY KEY (`ID`);

--
-- Indexes for table `custom_email_sms_scheduler`
--
ALTER TABLE `custom_email_sms_scheduler`
  ADD PRIMARY KEY (`pk_scheduler_ID`);

--
-- Indexes for table `default_email`
--
ALTER TABLE `default_email`
  ADD PRIMARY KEY (`id`);

--
-- Indexes for table `doctor`
--
ALTER TABLE `doctor`
  ADD PRIMARY KEY (`doctor_user_id`),
  ADD UNIQUE KEY `user_name` (`doctor_name`);

--
-- Indexes for table `doctor_meta`
--
ALTER TABLE `doctor_meta`
  ADD PRIMARY KEY (`id`);

--
-- Indexes for table `doctor_patient`
--
ALTER TABLE `doctor_patient`
  ADD PRIMARY KEY (`id`);

--
-- Indexes for table `email_template`
--
ALTER TABLE `email_template`
  ADD PRIMARY KEY (`id`);

--
-- Indexes for table `extra_services`
--
ALTER TABLE `extra_services`
  ADD PRIMARY KEY (`pk_extra_service_id`);

--
-- Indexes for table `extra_services_linking`
--
ALTER TABLE `extra_services_linking`
  ADD PRIMARY KEY (`pkid`);

--
-- Indexes for table `invoices`
--
ALTER TABLE `invoices`
  ADD PRIMARY KEY (`pk_invoice_id`);

--
-- Indexes for table `invoice_service_entries`
--
ALTER TABLE `invoice_service_entries`
  ADD PRIMARY KEY (`pkid`);

--
-- Indexes for table `meta_data`
--
ALTER TABLE `meta_data`
  ADD PRIMARY KEY (`pksettingid`);

--
-- Indexes for table `patient`
--
ALTER TABLE `patient`
  ADD PRIMARY KEY (`patient_user_id`);

--
-- Indexes for table `patient_additional_questionair`
--
ALTER TABLE `patient_additional_questionair`
  ADD PRIMARY KEY (`ID`);

--
-- Indexes for table `patient_files`
--
ALTER TABLE `patient_files`
  ADD PRIMARY KEY (`id`);

--
-- Indexes for table `patient_notes`
--
ALTER TABLE `patient_notes`
  ADD PRIMARY KEY (`pk_noteID`);

--
-- Indexes for table `payment`
--
ALTER TABLE `payment`
  ADD PRIMARY KEY (`pk_payment_ID`);

--
-- Indexes for table `quick_notes`
--
ALTER TABLE `quick_notes`
  ADD PRIMARY KEY (`pk_note_id`);

--
-- Indexes for table `scheduler_notifications`
--
ALTER TABLE `scheduler_notifications`
  ADD PRIMARY KEY (`pkscheduler_id`);

--
-- Indexes for table `services`
--
ALTER TABLE `services`
  ADD PRIMARY KEY (`pk_service_id`);

--
-- Indexes for table `set_holiday`
--
ALTER TABLE `set_holiday`
  ADD PRIMARY KEY (`pkid`);

--
-- Indexes for table `staff`
--
ALTER TABLE `staff`
  ADD PRIMARY KEY (`id`);

--
-- Indexes for table `time_slots`
--
ALTER TABLE `time_slots`
  ADD PRIMARY KEY (`pkslotid`);

--
-- Indexes for table `widgets`
--
ALTER TABLE `widgets`
  ADD PRIMARY KEY (`pk_widget_id`);

--
-- Indexes for table `widget_meta`
--
ALTER TABLE `widget_meta`
  ADD PRIMARY KEY (`ID`);

--
-- AUTO_INCREMENT for dumped tables
--

--
-- AUTO_INCREMENT for table `admin`
--
ALTER TABLE `admin`
  MODIFY `admin_user_id` int(10) UNSIGNED NOT NULL AUTO_INCREMENT COMMENT 'user_id', AUTO_INCREMENT=2;

--
-- AUTO_INCREMENT for table `appointment`
--
ALTER TABLE `appointment`
  MODIFY `pk_appointment_id` int(11) NOT NULL AUTO_INCREMENT, AUTO_INCREMENT=4;

--
-- AUTO_INCREMENT for table `app_category`
--
ALTER TABLE `app_category`
  MODIFY `pk_app_categoryid` int(255) NOT NULL AUTO_INCREMENT, AUTO_INCREMENT=32;

--
-- AUTO_INCREMENT for table `clinic`
--
ALTER TABLE `clinic`
  MODIFY `clinic_user_id` int(10) UNSIGNED NOT NULL AUTO_INCREMENT COMMENT 'user_id', AUTO_INCREMENT=35;

--
-- AUTO_INCREMENT for table `customers`
--
ALTER TABLE `customers`
  MODIFY `id` int(10) UNSIGNED NOT NULL AUTO_INCREMENT COMMENT 'user_id', AUTO_INCREMENT=26;

--
-- AUTO_INCREMENT for table `custom_email_sms`
--
ALTER TABLE `custom_email_sms`
  MODIFY `ID` int(11) NOT NULL AUTO_INCREMENT, AUTO_INCREMENT=20;

--
-- AUTO_INCREMENT for table `custom_email_sms_scheduler`
--
ALTER TABLE `custom_email_sms_scheduler`
  MODIFY `pk_scheduler_ID` int(11) NOT NULL AUTO_INCREMENT, AUTO_INCREMENT=40;

--
-- AUTO_INCREMENT for table `default_email`
--
ALTER TABLE `default_email`
  MODIFY `id` int(11) NOT NULL AUTO_INCREMENT, AUTO_INCREMENT=10;

--
-- AUTO_INCREMENT for table `doctor`
--
ALTER TABLE `doctor`
  MODIFY `doctor_user_id` int(10) UNSIGNED NOT NULL AUTO_INCREMENT COMMENT 'user_id', AUTO_INCREMENT=25;

--
-- AUTO_INCREMENT for table `doctor_meta`
--
ALTER TABLE `doctor_meta`
  MODIFY `id` int(11) NOT NULL AUTO_INCREMENT, AUTO_INCREMENT=57;

--
-- AUTO_INCREMENT for table `doctor_patient`
--
ALTER TABLE `doctor_patient`
  MODIFY `id` int(11) NOT NULL AUTO_INCREMENT, AUTO_INCREMENT=60;

--
-- AUTO_INCREMENT for table `email_template`
--
ALTER TABLE `email_template`
  MODIFY `id` int(11) NOT NULL AUTO_INCREMENT, AUTO_INCREMENT=6;

--
-- AUTO_INCREMENT for table `extra_services`
--
ALTER TABLE `extra_services`
  MODIFY `pk_extra_service_id` int(11) NOT NULL AUTO_INCREMENT, AUTO_INCREMENT=12;

--
-- AUTO_INCREMENT for table `extra_services_linking`
--
ALTER TABLE `extra_services_linking`
  MODIFY `pkid` int(11) NOT NULL AUTO_INCREMENT, AUTO_INCREMENT=11;

--
-- AUTO_INCREMENT for table `invoices`
--
ALTER TABLE `invoices`
  MODIFY `pk_invoice_id` int(11) NOT NULL AUTO_INCREMENT, AUTO_INCREMENT=41;

--
-- AUTO_INCREMENT for table `invoice_service_entries`
--
ALTER TABLE `invoice_service_entries`
  MODIFY `pkid` int(11) NOT NULL AUTO_INCREMENT, AUTO_INCREMENT=129;

--
-- AUTO_INCREMENT for table `meta_data`
--
ALTER TABLE `meta_data`
  MODIFY `pksettingid` int(11) NOT NULL AUTO_INCREMENT, AUTO_INCREMENT=12;

--
-- AUTO_INCREMENT for table `patient`
--
ALTER TABLE `patient`
  MODIFY `patient_user_id` int(11) NOT NULL AUTO_INCREMENT, AUTO_INCREMENT=161;

--
-- AUTO_INCREMENT for table `patient_additional_questionair`
--
ALTER TABLE `patient_additional_questionair`
  MODIFY `ID` int(3) NOT NULL AUTO_INCREMENT, AUTO_INCREMENT=100;

--
-- AUTO_INCREMENT for table `patient_files`
--
ALTER TABLE `patient_files`
  MODIFY `id` int(11) NOT NULL AUTO_INCREMENT, AUTO_INCREMENT=51;

--
-- AUTO_INCREMENT for table `patient_notes`
--
ALTER TABLE `patient_notes`
  MODIFY `pk_noteID` int(11) NOT NULL AUTO_INCREMENT, AUTO_INCREMENT=15;

--
-- AUTO_INCREMENT for table `payment`
--
ALTER TABLE `payment`
  MODIFY `pk_payment_ID` int(11) NOT NULL AUTO_INCREMENT, AUTO_INCREMENT=17;

--
-- AUTO_INCREMENT for table `quick_notes`
--
ALTER TABLE `quick_notes`
  MODIFY `pk_note_id` int(11) NOT NULL AUTO_INCREMENT, AUTO_INCREMENT=9;

--
-- AUTO_INCREMENT for table `scheduler_notifications`
--
ALTER TABLE `scheduler_notifications`
  MODIFY `pkscheduler_id` int(11) NOT NULL AUTO_INCREMENT, AUTO_INCREMENT=105;

--
-- AUTO_INCREMENT for table `services`
--
ALTER TABLE `services`
  MODIFY `pk_service_id` int(11) NOT NULL AUTO_INCREMENT, AUTO_INCREMENT=27;

--
-- AUTO_INCREMENT for table `set_holiday`
--
ALTER TABLE `set_holiday`
  MODIFY `pkid` int(11) NOT NULL AUTO_INCREMENT, AUTO_INCREMENT=38;

--
-- AUTO_INCREMENT for table `staff`
--
ALTER TABLE `staff`
  MODIFY `id` int(10) UNSIGNED NOT NULL AUTO_INCREMENT COMMENT 'user_id', AUTO_INCREMENT=26;

--
-- AUTO_INCREMENT for table `time_slots`
--
ALTER TABLE `time_slots`
  MODIFY `pkslotid` int(255) NOT NULL AUTO_INCREMENT, AUTO_INCREMENT=265;

--
-- AUTO_INCREMENT for table `widgets`
--
ALTER TABLE `widgets`
  MODIFY `pk_widget_id` int(11) NOT NULL AUTO_INCREMENT, AUTO_INCREMENT=39;

--
-- AUTO_INCREMENT for table `widget_meta`
--
ALTER TABLE `widget_meta`
  MODIFY `ID` int(11) NOT NULL AUTO_INCREMENT, AUTO_INCREMENT=2151;
COMMIT;

/*!40101 SET CHARACTER_SET_CLIENT=@OLD_CHARACTER_SET_CLIENT */;
/*!40101 SET CHARACTER_SET_RESULTS=@OLD_CHARACTER_SET_RESULTS */;
/*!40101 SET COLLATION_CONNECTION=@OLD_COLLATION_CONNECTION */;
